"id","name","desc","atk","def","type","level","race","attribute","scale","linkval","linkmarkers","archetype","set_tag","setcode","ban_tcg","ban_ocg","ban_goat","image_url","image_url_small"
"296499","The Regulation of Tribe","Declare 1 Type of monster. Monsters of the declared Type cannot attack. Tribute 1 monster from your side of the field during each of your Standby Phases. If you do not, this card is destroyed.","null","null","Trap Card","0","Continuous","0","null","null","null","null","PSV-027,PSV-EN027,PSV-E027,","Pharaoh's Servant,Pharaoh's Servant,Pharaoh's Servant,","null","null","null","https://storage.googleapis.com/ygoprodeck.com/pics/296499.jpg","https://storage.googleapis.com/ygoprodeck.com/pics_small/296499.jpg"
"423705","Gearfried the Iron Knight","When an Equip Card(s) is equipped to this card: Destroy that Equip Card(s).","1800","1600","Effect Monster","4","Warrior","EARTH","null","null","null","null","LCJW-EN030,LDK2-ENJ12,SS02-ENB10,RP02-EN025,DPBC-EN022,SD5-EN005,PSV-101,SDJ-012,DB1-EN204,BPT-012,PSV-E101,PSV-EN101,","Legendary Collection 4: Joey's World Mega Pack,Legendary Decks II,Speed Duel Starter Decks: Duelists of Tomorrow,Retro Pack 2,Duelist Pack: Battle City,Structure Deck: Warrior's Triumph,Pharaoh's Servant,Starter Deck: Joey,Dark Beginning 1,Collectible Tins 2003,Pharaoh's Servant,Pharaoh's Servant,","null","null","null","https://storage.googleapis.com/ygoprodeck.com/pics/423705.jpg","https://storage.googleapis.com/ygoprodeck.com/pics_small/423705.jpg"
"473469","Driving Snow","You can only activate this card when 1 or more of your Trap Cards are destroyed and sent from the field to the Graveyard by a card effect your opponent controls. Destroy 1 Spell or Trap Card on the field.","null","null","Trap Card","0","Normal","0","null","null","null","null","PSV-018,PSV-EN018,PSV-E018,","Pharaoh's Servant,Pharaoh's Servant,Pharaoh's Servant,","null","null","null","https://storage.googleapis.com/ygoprodeck.com/pics/473469.jpg","https://storage.googleapis.com/ygoprodeck.com/pics_small/473469.jpg"
"1248895","Chain Destruction","When a monster(s) with 2000 or less ATK is Summoned: Target 1 of them; destroy all cards with that name in its controller's hand and Main Deck.","null","null","Trap Card","0","Normal","0","null","null","null","null","RP02-EN004,LCJW-EN293,LCYW-EN094,YGLD-ENB38,DB1-EN070,PSV-006,TP4-004,PSV-E006,PSV-EN006,","Retro Pack 2,Legendary Collection 4: Joey's World Mega Pack,Legendary Collection 3: Yugi's World Mega Pack,Yugi's Legendary Decks,Dark Beginning 1,Pharaoh's Servant,Tournament Pack 4,Pharaoh's Servant,Pharaoh's Servant,","null","null","null","https://storage.googleapis.com/ygoprodeck.com/pics/1248895.jpg","https://storage.googleapis.com/ygoprodeck.com/pics_small/1248895.jpg"
"1918087","Minor Goblin Official","You can only activate this card when your opponent's Life Points are 3000 or less. Inflict 500 points of damage to your opponent's Life Points during each of his/her Standby Phases.","null","null","Trap Card","0","Continuous","0","null","null","null","null","DB1-EN171,PSV-052,PSV-E052,PSV-EN052,","Dark Beginning 1,Pharaoh's Servant,Pharaoh's Servant,Pharaoh's Servant,","null","null","null","https://storage.googleapis.com/ygoprodeck.com/pics/1918087.jpg","https://storage.googleapis.com/ygoprodeck.com/pics_small/1918087.jpg"
"2130625","Numinous Healer","You can only activate this card when you take damage to your Life Points. Increase your Life Points by 1000 points. Also, increase your Life Points by 500 points for each ""Numinous Healer"" card in your Graveyard.","null","null","Trap Card","0","Normal","0","null","null","null","null","PSV-023,DB1-EN079,PSV-EN023,PSV-E023,","Pharaoh's Servant,Dark Beginning 1,Pharaoh's Servant,Pharaoh's Servant,","null","null","null","https://storage.googleapis.com/ygoprodeck.com/pics/2130625.jpg","https://storage.googleapis.com/ygoprodeck.com/pics_small/2130625.jpg"
"2311603","Overdrive","An all-terrain armored vehicle armed with a heavy-duty machine gun.","1600","1500","Normal Monster","4","Machine","EARTH","null","null","null","null","PSV-060,DEM2-EN006,PSV-E060,PSV-EN060,","Pharaoh's Servant,Demo Deck 2015,Pharaoh's Servant,Pharaoh's Servant,","null","null","null","https://storage.googleapis.com/ygoprodeck.com/pics/2311603.jpg","https://storage.googleapis.com/ygoprodeck.com/pics_small/2311603.jpg"
"3134241","Flying Kamakiri 2","A flying mantis that feeds primarily on insects.","1500","800","Normal Monster","4","Insect","WIND","null","null","null","null","PSV-048,PSV-E048,PSV-EN048,","Pharaoh's Servant,Pharaoh's Servant,Pharaoh's Servant,","null","null","null","https://storage.googleapis.com/ygoprodeck.com/pics/3134241.jpg","https://storage.googleapis.com/ygoprodeck.com/pics_small/3134241.jpg"
"3643300","The Legendary Fisherman","While ""Umi"" is on the field, this card is unaffected by Spell effects and cannot be targeted for attacks, but does not prevent your opponent from attacking you directly.","1850","1600","Effect Monster","5","Warrior","WATER","null","null","null","null","SP17-EN001,LEDU-EN019,LCJW-EN024,SP17-EN001,DPBC-EN028,DB1-EN190,RP02-EN019,PSV-076,PSV-EN076,PSV-E076,","Star Pack Battle Royal,Legendary Duelists,Legendary Collection 4: Joey's World Mega Pack,Star Pack Battle Royal,Duelist Pack: Battle City,Dark Beginning 1,Retro Pack 2,Pharaoh's Servant,Pharaoh's Servant,Pharaoh's Servant,","null","null","null","https://storage.googleapis.com/ygoprodeck.com/pics/3643300.jpg","https://storage.googleapis.com/ygoprodeck.com/pics_small/3643300.jpg"
"4042268","Island Turtle","A huge turtle that is often mistaken for an island.","1100","2000","Normal Monster","4","Aqua","WATER","null","null","null","null","PSV-095,SDJ-005,PSV-EN095,PSV-E095,","Pharaoh's Servant,Starter Deck: Joey,Pharaoh's Servant,Pharaoh's Servant,","null","null","null","https://storage.googleapis.com/ygoprodeck.com/pics/4042268.jpg","https://storage.googleapis.com/ygoprodeck.com/pics_small/4042268.jpg"
"4266839","Kiseitai","When your opponent's monster attacks this card in face-down Defense Position, this card becomes an Equip Spell Card equipped to the attacking monster (No damage calculation is conducted). During each of your opponent's Standby Phases, increase your Life Points by half of the ATK of the monster equipped with this card.","300","800","Effect Monster","2","Fiend","DARK","null","null","null","null","DB1-EN093,PSV-046,PSV-E046,PSV-EN046,","Dark Beginning 1,Pharaoh's Servant,Pharaoh's Servant,Pharaoh's Servant,","null","null","null","https://storage.googleapis.com/ygoprodeck.com/pics/4266839.jpg","https://storage.googleapis.com/ygoprodeck.com/pics_small/4266839.jpg"
"4920010","Souls of the Forgotten","A wicked spirit created by the hateful souls of those who fell in battle. It grows by assimilating the souls of its enemies.","900","200","Normal Monster","2","Fiend","DARK","null","null","null","null","PSV-098,PSV-E098,PSV-EN098,","Pharaoh's Servant,Pharaoh's Servant,Pharaoh's Servant,","null","null","null","https://storage.googleapis.com/ygoprodeck.com/pics/4920010.jpg","https://storage.googleapis.com/ygoprodeck.com/pics_small/4920010.jpg"
"5265750","Skull Mariner","A pirate ship that appears out of the mist and sinks any seagoing vessels.","1600","900","Normal Monster","4","Warrior","WATER","null","null","null","null","PSV-092,PSV-E092,PSV-EN092,","Pharaoh's Servant,Pharaoh's Servant,Pharaoh's Servant,","null","null","null","https://storage.googleapis.com/ygoprodeck.com/pics/5265750.jpg","https://storage.googleapis.com/ygoprodeck.com/pics_small/5265750.jpg"
"5388481","Darkfire Soldier 1","An explosive expert from a special elite force.","1700","1150","Normal Monster","4","Pyro","FIRE","null","null","null","null","PSV-043,PSV-E043,SDJ-010,PSV-EN043,","Pharaoh's Servant,Pharaoh's Servant,Starter Deck: Joey,Pharaoh's Servant,","null","null","null","https://storage.googleapis.com/ygoprodeck.com/pics/5388481.jpg","https://storage.googleapis.com/ygoprodeck.com/pics_small/5388481.jpg"
"6104968","Bubonic Vermin","FLIP: You can Special Summon 1 ""Bubonic Vermin"" from your Deck in face-down Defense Position. Then shuffle your Deck.","900","600","Flip Effect Monster","3","Beast","EARTH","null","null","null","null","DB1-EN176,PSV-057,PSV-E057,PSV-EN057,","Dark Beginning 1,Pharaoh's Servant,Pharaoh's Servant,Pharaoh's Servant,","null","null","null","https://storage.googleapis.com/ygoprodeck.com/pics/6104968.jpg","https://storage.googleapis.com/ygoprodeck.com/pics_small/6104968.jpg"
"8951260","Respect Play","During their respective turns, each player must show their opponent their hand.","null","null","Trap Card","0","Continuous","0","null","null","null","null","DB1-EN085,PSV-032,PSV-EN032,PSV-E032,","Dark Beginning 1,Pharaoh's Servant,Pharaoh's Servant,Pharaoh's Servant,","null","null","null","https://storage.googleapis.com/ygoprodeck.com/pics/8951260.jpg","https://storage.googleapis.com/ygoprodeck.com/pics_small/8951260.jpg"
"9074847","Major Riot","You can activate this card when 1 or more of your monsters are returned from the field to your hand by your opponent's card effect. Return all Monster Cards on the field to your respective hands. Both you and your opponent then Special Summon from your hand the same number of Monster Cards on the field in face-down Defense Position.","null","null","Trap Card","0","Normal","0","null","null","null","null","PSV-029,PSV-E029,PSV-EN029,","Pharaoh's Servant,Pharaoh's Servant,Pharaoh's Servant,","null","null","null","https://storage.googleapis.com/ygoprodeck.com/pics/9074847.jpg","https://storage.googleapis.com/ygoprodeck.com/pics_small/9074847.jpg"
"10992251","Gradius","A high-performance jet fighter with power capsules for variable attack capabilities.","1200","800","Normal Monster","4","Machine","LIGHT","null","null","null","null","DB1-EN199,PSV-089,PSV-E089,PSV-EN089,","Dark Beginning 1,Pharaoh's Servant,Pharaoh's Servant,Pharaoh's Servant,","null","null","null","https://storage.googleapis.com/ygoprodeck.com/pics/10992251.jpg","https://storage.googleapis.com/ygoprodeck.com/pics_small/10992251.jpg"
"11761845","Beast of Talwar","Only the master of the sword among the Fiend-Type monsters is permitted to hold the Talwar.\n\n\n(This card is always treated as an ""Archfiend"" card.)","2400","2150","Normal Monster","6","Fiend","DARK","null","null","null","Archfiend","YS15-ENL01,LCJW-EN236,PSV-103,YS15-END01,PSV-EN103,PSV-E103,","Dark Legion Starter Deck,Legendary Collection 4: Joey's World Mega Pack,Pharaoh's Servant,2-Player Starter Deck: Yuya & Declan,Pharaoh's Servant,Pharaoh's Servant,","null","null","null","https://storage.googleapis.com/ygoprodeck.com/pics/11761845.jpg","https://storage.googleapis.com/ygoprodeck.com/pics_small/11761845.jpg"
"12253117","World Suppression","You can only activate this card when a Field Spell Card is activated. Negate the Field Spell Card during the turn this card is activated.","null","null","Trap Card","0","Normal","0","null","null","null","null","PSV-020,PSV-E020,PSV-EN020,","Pharaoh's Servant,Pharaoh's Servant,Pharaoh's Servant,","null","null","null","https://storage.googleapis.com/ygoprodeck.com/pics/12253117.jpg","https://storage.googleapis.com/ygoprodeck.com/pics_small/12253117.jpg"
"16227556","Inspection","During your opponent's Standby Phase, you can randomly select 1 card in your opponent's hand and look at it at the cost of 500 Life Points.","null","null","Spell Card","0","Continuous","0","null","null","null","null","PSV-038,PSV-E038,PSV-EN038,","Pharaoh's Servant,Pharaoh's Servant,Pharaoh's Servant,","null","null","null","https://storage.googleapis.com/ygoprodeck.com/pics/16227556.jpg","https://storage.googleapis.com/ygoprodeck.com/pics_small/16227556.jpg"
"17449108","Nobleman of Extermination","Select, destroy, and remove from play 1 face-down Spell or Trap Card. If it was a Trap Card, both players must remove from play all copies of that card from their Decks.","null","null","Spell Card","0","Normal","0","null","null","null","null","PSV-035,TP4-016,DB1-EN089,DT01-EN038,DL11-EN015,PSV-E035,PSV-EN035,DTP1-EN012,DTP1-EN012,","Pharaoh's Servant,Tournament Pack 4,Dark Beginning 1,Duel Terminal 1,Duelist League 2 participation cards,Pharaoh's Servant,Pharaoh's Servant,Duel Terminal - Preview Wave 1,Duel Terminal - Preview Wave 2,","null","null","null","https://storage.googleapis.com/ygoprodeck.com/pics/17449108.jpg","https://storage.googleapis.com/ygoprodeck.com/pics_small/17449108.jpg"
"21015833","Hayabusa Knight","This card can make a second attack during each Battle Phase.","1000","700","Effect Monster","3","Warrior","EARTH","null","null","null","null","5DS3-EN007,TP4-019,LCJW-EN026,DEM1-EN006,DB1-EN196,PSV-086,PSV-E086,PSV-EN086,","Starter Deck: Duelist Toolbox,Tournament Pack 4,Legendary Collection 4: Joey's World Mega Pack,Demo Pack,Dark Beginning 1,Pharaoh's Servant,Pharaoh's Servant,Pharaoh's Servant,","null","null","null","https://storage.googleapis.com/ygoprodeck.com/pics/21015833.jpg","https://storage.googleapis.com/ygoprodeck.com/pics_small/21015833.jpg"
"21237481","Type Zero Magic Crusher","Discard 1 Spell Card from your hand to inflict 500 points of damage to your opponent's Life Points.","null","null","Trap Card","0","Continuous","0","null","null","null","null","DB1-EN188,PSV-074,PSV-E074,PSV-EN074,","Dark Beginning 1,Pharaoh's Servant,Pharaoh's Servant,Pharaoh's Servant,","null","null","null","https://storage.googleapis.com/ygoprodeck.com/pics/21237481.jpg","https://storage.googleapis.com/ygoprodeck.com/pics_small/21237481.jpg"
"22359980","Mirror Wall","Each of your opponent's monsters that conducted an attack while this card was face-up on the field has its ATK halved as long as this card remains on the field. During each of your Standby Phases, pay 2000 LP or destroy this card.","null","null","Trap Card","0","Continuous","0","null","null","null","null","BP03-EN188,DB1-EN078,BP03-EN188,BP02-EN172,BP02-EN172,LCJW-EN107,PSV-016,RP02-EN007,PSV-EN016,PSV-E016,","Battle Pack 3: Monster League,Dark Beginning 1,Battle Pack 3: Monster League,Battle Pack 2: War of the Giants,Battle Pack 2: War of the Giants,Legendary Collection 4: Joey's World Mega Pack,Pharaoh's Servant,Retro Pack 2,Pharaoh's Servant,Pharaoh's Servant,","null","null","null","https://storage.googleapis.com/ygoprodeck.com/pics/22359980.jpg","https://storage.googleapis.com/ygoprodeck.com/pics_small/22359980.jpg"
"22959079","Dimensionhole","Select 1 monster on your side of the field and remove it from play until your next Standby Phase. While the monster is removed from play, the Monster Card Zone of the selected monster cannot be used.","null","null","Spell Card","0","Normal","0","null","null","null","Hole","PSV-069,DB1-EN183,PSV-E069,PSV-EN069,","Pharaoh's Servant,Dark Beginning 1,Pharaoh's Servant,Pharaoh's Servant,","null","null","null","https://storage.googleapis.com/ygoprodeck.com/pics/22959079.jpg","https://storage.googleapis.com/ygoprodeck.com/pics_small/22959079.jpg"
"23171610","Limiter Removal","Double the ATK of all Machine monsters you currently control, until the end of this turn. During the End Phase of this turn, destroy those monsters.","null","null","Spell Card","0","Quick-Play","0","null","null","null","null","LED2-EN049,LEDD-ENB18,DP04-EN016,SR03-EN028,SDGR-EN022,SD10-EN025,SDCR-EN023,SDKS-EN028,DB1-EN179,CP01-EN007,DL16-EN013,DT04-EN045,PSV-064,RP02-EN015,LCYW-EN172,HL06-EN002,PSV-E064,PSV-EN064,","Legendary Duelists: Ancient Millennium,Legendary Dragon Decks,Duelist Pack: Zane Truesdale,Machine Reactor Structure Deck,Geargia Rampage Structure Deck,Structure Deck: Machine Re-Volt,Cyber Dragon Revolution Structure Deck,Structure Deck: Seto Kaiba,Dark Beginning 1,Champion Pack: Game One,Duelist League 16 participation cards,Duel Terminal 4,Pharaoh's Servant,Retro Pack 2,Legendary Collection 3: Yugi's World Mega Pack,Hobby League 6 participation card B,Pharaoh's Servant,Pharaoh's Servant,","null","Limited","null","https://storage.googleapis.com/ygoprodeck.com/pics/23171610.jpg","https://storage.googleapis.com/ygoprodeck.com/pics_small/23171610.jpg"
"23471572","Solomon's Lawbook","Skip your next Standby Phase.","null","null","Trap Card","0","Normal","0","null","null","null","null","PSV-013,PSV-EN013,PSV-E013,","Pharaoh's Servant,Pharaoh's Servant,Pharaoh's Servant,","null","null","null","https://storage.googleapis.com/ygoprodeck.com/pics/23471572.jpg","https://storage.googleapis.com/ygoprodeck.com/pics_small/23471572.jpg"
"23615409","Insect Barrier","Insect-Type monsters your opponent controls cannot declare an attack.","null","null","Spell Card","0","Continuous","0","null","null","null","null","DL13-EN014,DB1-EN205,PSV-102,PSV-E102,PSV-EN102,","Duelist League 13 participation cards,Dark Beginning 1,Pharaoh's Servant,Pharaoh's Servant,Pharaoh's Servant,","null","null","null","https://storage.googleapis.com/ygoprodeck.com/pics/23615409.jpg","https://storage.googleapis.com/ygoprodeck.com/pics_small/23615409.jpg"
"24128274","Deepsea Warrior","As long as ""Umi"" is face-up on the field, this card is unaffected by any Spell Cards.","1600","1800","Effect Monster","5","Warrior","WATER","null","null","null","null","PSV-079,DB1-EN193,PSV-EN079,PSV-E079,","Pharaoh's Servant,Dark Beginning 1,Pharaoh's Servant,Pharaoh's Servant,","null","null","null","https://storage.googleapis.com/ygoprodeck.com/pics/24128274.jpg","https://storage.googleapis.com/ygoprodeck.com/pics_small/24128274.jpg"
"24294108","Burning Land","When this card is activated: If there are any Field Spell Cards on the field, destroy them. During each player's Standby Phase: The turn player takes 500 damage.","null","null","Spell Card","0","Continuous","0","null","null","null","null","PSV-061,YGLD-ENA31,PSV-E061,DB1-EN177,PSV-EN061,","Pharaoh's Servant,Yugi's Legendary Decks,Pharaoh's Servant,Dark Beginning 1,Pharaoh's Servant,","null","null","null","https://storage.googleapis.com/ygoprodeck.com/pics/24294108.jpg","https://storage.googleapis.com/ygoprodeck.com/pics_small/24294108.jpg"
"27125110","Thousand-Eyes Idol","A wicked entity that controls the hearts of men, its thousand eyes are able to see and expand the negative influences in an individual's soul.","0","0","Normal Monster","1","Spellcaster","DARK","null","null","null","Eyes Restrict","PSV-083,DB1-EN194,RP02-EN020,PSV-EN083,PSV-E083,","Pharaoh's Servant,Dark Beginning 1,Retro Pack 2,Pharaoh's Servant,Pharaoh's Servant,","null","null","null","https://storage.googleapis.com/ygoprodeck.com/pics/27125110.jpg","https://storage.googleapis.com/ygoprodeck.com/pics_small/27125110.jpg"
"27911549","Parasite Paracide","FLIP: Put this card face-up in your opponent's Deck and shuffle it. When your opponent draws this card, it is Special Summoned to their side of the field in face-up Defense Position, and inflicts 1000 damage to them. Then, while this card is face-up on the field, all monsters your opponent controls become Insect-Type monsters.","500","300","Flip Effect Monster","2","Insect","EARTH","null","null","null","Parasite","DB1-EN068,RP02-EN002,PSV-003,PSV-EN003,PSV-E003,","Dark Beginning 1,Retro Pack 2,Pharaoh's Servant,Pharaoh's Servant,Pharaoh's Servant,","null","null","null","https://storage.googleapis.com/ygoprodeck.com/pics/27911549.jpg","https://storage.googleapis.com/ygoprodeck.com/pics_small/27911549.jpg"
"30325729","Dokuroyaiba","A boomerang with brains that will pursue a target to the ends of the earth.","1000","400","Normal Monster","3","Fiend","FIRE","null","null","null","null","PSV-099,PSV-E099,PSV-EN099,","Pharaoh's Servant,Pharaoh's Servant,Pharaoh's Servant,","null","null","null","https://storage.googleapis.com/ygoprodeck.com/pics/30325729.jpg","https://storage.googleapis.com/ygoprodeck.com/pics_small/30325729.jpg"
"30532390","Sky Scout","With eyes like a hawk and a flying speed exceeding Mach 5, this monster is a master of the sky.","1800","600","Normal Monster","4","Winged Beast","WIND","null","null","null","null","PSV-049,DB1-EN094,SDJ-011,AP02-EN014,PSV-E049,PSV-EN049,","Pharaoh's Servant,Dark Beginning 1,Starter Deck: Joey,Astral Pack Two,Pharaoh's Servant,Pharaoh's Servant,","null","null","null","https://storage.googleapis.com/ygoprodeck.com/pics/30532390.jpg","https://storage.googleapis.com/ygoprodeck.com/pics_small/30532390.jpg"
"30655537","Cyber Falcon","A jet-powered hawk that travels at the speed of sound.","1400","1200","Normal Monster","4","Machine","WIND","null","null","null","null","PSV-E047,PSV-047,PSV-EN047,","Pharaoh's Servant,Pharaoh's Servant,Pharaoh's Servant,","null","null","null","https://storage.googleapis.com/ygoprodeck.com/pics/30655537.jpg","https://storage.googleapis.com/ygoprodeck.com/pics_small/30655537.jpg"
"31447217","Wingweaver","A six-winged fairy who prays for peace and hope.","2750","2400","Normal Monster","7","Fairy","LIGHT","null","null","null","null","PSV-096,PSV-E096,PSV-EN096,","Pharaoh's Servant,Pharaoh's Servant,Pharaoh's Servant,","null","null","null","https://storage.googleapis.com/ygoprodeck.com/pics/31447217.jpg","https://storage.googleapis.com/ygoprodeck.com/pics_small/31447217.jpg"
"31477025","Mr. Volcano","This seemingly mild-mannered creature has an extremely volatile temper.","2100","1300","Normal Monster","5","Pyro","FIRE","null","null","null","null","PSV-044,PSV-E044,PSV-EN044,","Pharaoh's Servant,Pharaoh's Servant,Pharaoh's Servant,","null","null","null","https://storage.googleapis.com/ygoprodeck.com/pics/31477025.jpg","https://storage.googleapis.com/ygoprodeck.com/pics_small/31477025.jpg"
"32269855","The All-Seeing White Tiger","A proud ruler of the jungle that some fear and others respect.","1300","500","Normal Monster","3","Beast","WIND","null","null","null","null","PSV-093,PSV-EN093,PSV-E093,","Pharaoh's Servant,Pharaoh's Servant,Pharaoh's Servant,","null","null","null","https://storage.googleapis.com/ygoprodeck.com/pics/32269855.jpg","https://storage.googleapis.com/ygoprodeck.com/pics_small/32269855.jpg"
"34694160","The Eye of Truth","Your opponent must keep their hand revealed. During each of your opponent's Standby Phases, if they have a Spell Card in their hand: They gain 1000 LP.","null","null","Trap Card","0","Continuous","0","null","null","null","null","SYE-046,DB1-EN074,SS01-ENB17,YGLD-ENA39,PSV-010,PSV-EN010,PSV-E010,","Starter Deck: Yugi Evolution,Dark Beginning 1,Speed Duel Starter Decks: Destiny Masters,Yugi's Legendary Decks,Pharaoh's Servant,Pharaoh's Servant,Pharaoh's Servant,","null","null","null","https://storage.googleapis.com/ygoprodeck.com/pics/34694160.jpg","https://storage.googleapis.com/ygoprodeck.com/pics_small/34694160.jpg"
"35316708","Time Seal","Skip the Draw Phase of your opponent's next turn.","null","null","Trap Card","0","Normal","0","null","null","null","null","DB1-EN071,PSV-007,PSV-EN007,PSV-E007,","Dark Beginning 1,Pharaoh's Servant,Pharaoh's Servant,Pharaoh's Servant,","Banned","Banned","null","https://storage.googleapis.com/ygoprodeck.com/pics/35316708.jpg","https://storage.googleapis.com/ygoprodeck.com/pics_small/35316708.jpg"
"35346968","Solemn Wishes","Increase your Life Points by 500 points each time you draw a card (or cards).","null","null","Trap Card","0","Continuous","0","null","null","null","Solemn","PSV-055,DB1-EN174,PSV-E055,PSV-EN055,","Pharaoh's Servant,Dark Beginning 1,Pharaoh's Servant,Pharaoh's Servant,","null","null","null","https://storage.googleapis.com/ygoprodeck.com/pics/35346968.jpg","https://storage.googleapis.com/ygoprodeck.com/pics_small/35346968.jpg"
"36280194","Backup Soldier","While there are 5 or more monsters in your Graveyard: Target up to 3 non-Effect Monsters with 1500 or less ATK in your Graveyard; add them to your hand.","null","null","Trap Card","0","Normal","0","null","null","null","null","5DS1-EN035,SYE-047,LDK2-ENY39,DB1-EN082,PSV-028,PSV-EN028,PSV-E028,","Starter Deck: Yu-Gi-Oh! 5D's,Starter Deck: Yugi Evolution,Legendary Decks II,Dark Beginning 1,Pharaoh's Servant,Pharaoh's Servant,Pharaoh's Servant,","null","null","null","https://storage.googleapis.com/ygoprodeck.com/pics/36280194.jpg","https://storage.googleapis.com/ygoprodeck.com/pics_small/36280194.jpg"
"36468556","Ceasefire","If a face-down Defense Position monster or an Effect Monster is on the field: Change all face-down Defense Position monsters on the field to face-up Defense Position (Flip monsters' effects are not activated at this time), also inflict 500 damage to your opponent for each Effect Monster on the field.","null","null","Trap Card","0","Normal","0","null","null","null","null","AP06-EN026,SDMM-EN035,YS16-EN034,PGL2-EN062,CP02-EN014,DB1-EN083,SD1-EN022,RP02-EN009,PSV-030,PSV-EN030,PSV-E030,","Astral Pack Six,Machina Mayhem Structure Deck,Starter Deck: Yuya,Premium Gold: Return of the Bling,Champion Pack: Game Two,Dark Beginning 1,Structure Deck: Dragon's Roar,Retro Pack 2,Pharaoh's Servant,Pharaoh's Servant,Pharaoh's Servant,","null","Semi-Limited","Limited","https://storage.googleapis.com/ygoprodeck.com/pics/36468556.jpg","https://storage.googleapis.com/ygoprodeck.com/pics_small/36468556.jpg"
"36868108","Armored Glass","You can only activate this card when a monster is equipped with an Equip Card. Negate the effects of all Equip Cards on the field during the turn this card is activated.","null","null","Trap Card","0","Normal","0","null","null","null","null","PSV-019,PSV-EN019,PSV-E019,","Pharaoh's Servant,Pharaoh's Servant,Pharaoh's Servant,","null","null","null","https://storage.googleapis.com/ygoprodeck.com/pics/36868108.jpg","https://storage.googleapis.com/ygoprodeck.com/pics_small/36868108.jpg"
"37313786","Gamble","You can only activate this card when your opponent's hand is 6 or more cards and your hand is 2 or less. Toss a coin and call heads or tails. If you call it right, draw until your hand has 5 cards. If you call it wrong, skip your next turn.","null","null","Trap Card","0","Normal","0","null","null","null","null","PSV-053,DB1-EN172,PSV-EN053,PSV-E053,","Pharaoh's Servant,Dark Beginning 1,Pharaoh's Servant,Pharaoh's Servant,","null","null","null","https://storage.googleapis.com/ygoprodeck.com/pics/37313786.jpg","https://storage.googleapis.com/ygoprodeck.com/pics_small/37313786.jpg"
"37580756","Michizure","Activate only when a monster is sent from the field to your Graveyard. Select and destroy 1 monster on the field. (You can activate this card during the Damage Step.)","null","null","Trap Card","0","Normal","0","null","null","null","null","DT01-EN096,PSV-E051,PSV-051,PSV-EN051,","Duel Terminal 1,Pharaoh's Servant,Pharaoh's Servant,Pharaoh's Servant,","null","null","null","https://storage.googleapis.com/ygoprodeck.com/pics/37580756.jpg","https://storage.googleapis.com/ygoprodeck.com/pics_small/37580756.jpg"
"42599677","Flame Champion","A warrior protected by a flaming shield that nullifies any attack.","1900","1300","Normal Monster","5","Pyro","FIRE","null","null","null","null","PSV-041,PSV-E041,PSV-EN041,","Pharaoh's Servant,Pharaoh's Servant,Pharaoh's Servant,","null","null","null","https://storage.googleapis.com/ygoprodeck.com/pics/42599677.jpg","https://storage.googleapis.com/ygoprodeck.com/pics_small/42599677.jpg"
"43434803","The Shallow Grave","Each player selects 1 monster in their Graveyard and Special Summons it in face-down Defense Position.","null","null","Spell Card","0","Normal","0","null","null","null","null","SDRL-EN023,PSV-036,DB1-EN090,DT03-EN091,PSV-E036,PSV-EN036,","Rise of the Dragon Lords Structure Deck,Pharaoh's Servant,Dark Beginning 1,Duel Terminal 3,Pharaoh's Servant,Pharaoh's Servant,","null","null","null","https://storage.googleapis.com/ygoprodeck.com/pics/43434803.jpg","https://storage.googleapis.com/ygoprodeck.com/pics_small/43434803.jpg"
"43711255","Prohibition","Activate by declaring 1 card name. Cards with that name, and their effects, cannot be used. Cards already on the field are not affected (including face-down cards).","null","null","Spell Card","0","Continuous","0","null","null","null","null","SDMM-EN022,PSV-039,LCYW-EN267,CP08-EN002,PSV-EN039,PSV-E039,","Machina Mayhem Structure Deck,Pharaoh's Servant,Legendary Collection 3: Yugi's World Mega Pack,Champion Pack: Game Eight,Pharaoh's Servant,Pharaoh's Servant,","null","null","null","https://storage.googleapis.com/ygoprodeck.com/pics/43711255.jpg","https://storage.googleapis.com/ygoprodeck.com/pics_small/43711255.jpg"
"48539234","Appropriate","Activate only when your opponent draws a card(s), except during their Draw Phase. Draw 2 cards.","null","null","Trap Card","0","Continuous","0","null","null","null","null","RP02-EN008,PSV-024,PSV-E024,PSV-EN024,","Retro Pack 2,Pharaoh's Servant,Pharaoh's Servant,Pharaoh's Servant,","null","null","null","https://storage.googleapis.com/ygoprodeck.com/pics/48539234.jpg","https://storage.googleapis.com/ygoprodeck.com/pics_small/48539234.jpg"
"49251811","Mystic Probe","You can only activate this card when a Continuous Spell Card is activated. Negate all Continuous Spell Cards during the turn this card is activated.","null","null","Trap Card","0","Normal","0","null","null","null","null","PSV-021,PSV-E021,PSV-EN021,","Pharaoh's Servant,Pharaoh's Servant,Pharaoh's Servant,","null","null","null","https://storage.googleapis.com/ygoprodeck.com/pics/49251811.jpg","https://storage.googleapis.com/ygoprodeck.com/pics_small/49251811.jpg"
"49587034","Lightforce Sword","Banish 1 random card from your opponent's hand, face-down. During your opponent's 4th Standby Phase after this card's activation, return that card to their hand.","null","null","Trap Card","0","Normal","0","null","null","null","null","DB1-EN069,DPYG-EN029,SS01-ENA15,YGLD-ENB37,RP02-EN003,PSV-005,LCYW-EN093,PSV-EN005,PSV-E005,","Dark Beginning 1,Duelist Pack: Yugi,Speed Duel Starter Decks: Destiny Masters,Yugi's Legendary Decks,Retro Pack 2,Pharaoh's Servant,Legendary Collection 3: Yugi's World Mega Pack,Pharaoh's Servant,Pharaoh's Servant,","null","null","null","https://storage.googleapis.com/ygoprodeck.com/pics/49587034.jpg","https://storage.googleapis.com/ygoprodeck.com/pics_small/49587034.jpg"
"50122883","Bite Shoes","FLIP: Change the battle position of 1 face-up monster on the field.","500","300","Flip Effect Monster","2","Fiend","DARK","null","null","null","null","PSV-080,PSV-E080,PSV-EN080,","Pharaoh's Servant,Pharaoh's Servant,Pharaoh's Servant,","null","null","null","https://storage.googleapis.com/ygoprodeck.com/pics/50122883.jpg","https://storage.googleapis.com/ygoprodeck.com/pics_small/50122883.jpg"
"51345461","Sword Hunter","At the end of the Battle Phase, if this card destroyed a monster(s) by battle and sent it to the Graveyard this Battle Phase: Equip all those monsters from the Graveyard to this card as an Equip Spell Card(s) with this effect.\n● The equipped monster gains 200 ATK.","2450","1700","Effect Monster","7","Warrior","EARTH","null","null","null","null","LCJW-EN025,PSV-077,DB1-EN191,PSV-E077,PSV-EN077,","Legendary Collection 4: Joey's World Mega Pack,Pharaoh's Servant,Dark Beginning 1,Pharaoh's Servant,Pharaoh's Servant,","null","null","null","https://storage.googleapis.com/ygoprodeck.com/pics/51345461.jpg","https://storage.googleapis.com/ygoprodeck.com/pics_small/51345461.jpg"
"52675689","Invitation to a Dark Sleep","When this monster is summoned (excluding Special Summon), select 1 of your opponent's monsters. As long as this card remains face-up on the field, the selected monster cannot attack.","1500","1800","Effect Monster","5","Spellcaster","DARK","null","null","null","null","PSV-E082,PSV-082,PSV-EN082,","Pharaoh's Servant,Pharaoh's Servant,Pharaoh's Servant,","null","null","null","https://storage.googleapis.com/ygoprodeck.com/pics/52675689.jpg","https://storage.googleapis.com/ygoprodeck.com/pics_small/52675689.jpg"
"54109233","Infinite Dismissal","Level 3 or lower monsters are destroyed during the End Phase of the turn that they are Normal Summoned or Flip Summoned.","null","null","Trap Card","0","Continuous","0","null","null","null","null","DB1-EN186,PSV-072,PSV-E072,PSV-EN072,","Dark Beginning 1,Pharaoh's Servant,Pharaoh's Servant,Pharaoh's Servant,","null","null","null","https://storage.googleapis.com/ygoprodeck.com/pics/54109233.jpg","https://storage.googleapis.com/ygoprodeck.com/pics_small/54109233.jpg"
"56387350","Vampire Baby","At the end of the Battle Phase, if this card destroyed a monster by battle and sent it to the Graveyard this turn: You can Special Summon that monster to your side of the field.","700","1000","Effect Monster","3","Zombie","DARK","null","null","null","Vampire","DB1-EN200,LCJW-EN186,PSV-090,PSV-E090,DL16-EN002,PSV-EN090,","Dark Beginning 1,Legendary Collection 4: Joey's World Mega Pack,Pharaoh's Servant,Pharaoh's Servant,Duelist League 16 participation cards,Pharaoh's Servant,","null","null","null","https://storage.googleapis.com/ygoprodeck.com/pics/56387350.jpg","https://storage.googleapis.com/ygoprodeck.com/pics_small/56387350.jpg"
"57409948","Bombardment Beetle","FLIP: Pick up and see 1 face-down Defense Position Monster Card on your opponent's side of the field. If it is an Effect Monster, destroy it (its Flip Effect is not activated), and if the card is not, return it to its original position.","400","900","Flip Effect Monster","2","Insect","WIND","null","null","null","null","PSV-087,DB1-EN197,PSV-EN087,PSV-E087,","Pharaoh's Servant,Dark Beginning 1,Pharaoh's Servant,Pharaoh's Servant,","null","null","null","https://storage.googleapis.com/ygoprodeck.com/pics/57409948.jpg","https://storage.googleapis.com/ygoprodeck.com/pics_small/57409948.jpg"
"58621589","Shadow of Eyes","When a monster(s) is Set on your opponent's side of the field: Target 1 of those Set monsters; change that Set monster to face-up Attack Position. (Flip Effects are not activated.)","null","null","Trap Card","0","Normal","0","null","null","null","null","SS02-ENC17,DT01-EN097,LCJW-EN109,DB1-EN189,PSV-075,PSV-E075,PSV-EN075,","Speed Duel Starter Decks: Duelists of Tomorrow,Duel Terminal 1,Legendary Collection 4: Joey's World Mega Pack,Dark Beginning 1,Pharaoh's Servant,Pharaoh's Servant,Pharaoh's Servant,","null","null","null","https://storage.googleapis.com/ygoprodeck.com/pics/58621589.jpg","https://storage.googleapis.com/ygoprodeck.com/pics_small/58621589.jpg"
"59344077","Magic Drain","When your opponent activates a Spell Card: They can discard 1 Spell Card to negate this card's effect, otherwise negate the activation of their Spell Card, and if you do, destroy it.","null","null","Trap Card","0","Counter","0","null","null","null","null","SD7-EN028,DL13-EN020,5DS2-EN035,DB1-EN185,PSV-071,TP4-017,RP02-EN017,BP01-EN090,BP01-EN090,PSV-EN071,PSV-E071,","Structure Deck: Invincible Fortress,Duelist League 13 participation cards,Starter Deck: Yu-Gi-Oh! 5D's 2009,Dark Beginning 1,Pharaoh's Servant,Tournament Pack 4,Retro Pack 2,Battle Pack: Epic Dawn,Battle Pack: Epic Dawn,Pharaoh's Servant,Pharaoh's Servant,","null","null","null","https://storage.googleapis.com/ygoprodeck.com/pics/59344077.jpg","https://storage.googleapis.com/ygoprodeck.com/pics_small/59344077.jpg"
"59560625","Shift","When your opponent targets exactly 1 monster you control (and no other cards) for an attack, or with a Spell/Trap effect: Target another monster you control that would be an appropriate target; that attack/Spell/Trap now targets the new target.","null","null","Trap Card","0","Normal","0","null","null","null","null","DB1-EN182,LCYW-EN097,YGLD-ENA40,PSV-067,BPW2-EN079,SYE-048,WGRT-EN079,PSV-E067,PSV-EN067,","Dark Beginning 1,Legendary Collection 3: Yugi's World Mega Pack,Yugi's Legendary Decks,Pharaoh's Servant,War of the Giants: Round 2,Starter Deck: Yugi Evolution,War of the Giants Reinforcements,Pharaoh's Servant,Pharaoh's Servant,","null","null","null","https://storage.googleapis.com/ygoprodeck.com/pics/59560625.jpg","https://storage.googleapis.com/ygoprodeck.com/pics_small/59560625.jpg"
"60082869","Dust Tornado","Target 1 Spell/Trap Card your opponent controls; destroy that target, then you can Set 1 Spell/Trap Card from your hand.","null","null","Trap Card","0","Normal","0","null","null","null","null","SDRL-EN033,YS15-ENF25,YS15-ENL25,SD4-EN026,YS12-EN033,BP01-EN088,YS13-EN038,SD3-EN027,SKE-045,BP01-EN088,5DS2-EN034,YSDJ-EN033,YSD-EN035,5DS3-EN031,YS14-EN034,DB1-EN075,SD2-EN024,SD8-EN029,SDZW-EN033,RP02-EN005,YS11-EN033,PSV-011,DT01-EN046,LCYW-EN095,YS15-END18,PSV-EN011,DTP1-EN016,DTP1-EN016,PSV-E011,","Rise of the Dragon Lords Structure Deck,Saber Force Starter Deck,Dark Legion Starter Deck,Structure Deck: Fury from the Deep,Starter Deck: Xyz Symphony,Battle Pack: Epic Dawn,Super Starter: V for Victory,Structure Deck: Blaze of Destruction,Starter Deck: Kaiba Evolution,Battle Pack: Epic Dawn,Starter Deck: Yu-Gi-Oh! 5D's 2009,Starter Deck: Jaden Yuki,Starter Deck 2006,Starter Deck: Duelist Toolbox,Super Starter: Space-Time Showdown,Dark Beginning 1,Structure Deck: Zombie Madness,Structure Deck: Lord of the Storm,Zombie World Structure Deck,Retro Pack 2,Starter Deck: Dawn of the Xyz,Pharaoh's Servant,Duel Terminal 1,Legendary Collection 3: Yugi's World Mega Pack,2-Player Starter Deck: Yuya & Declan,Pharaoh's Servant,Duel Terminal - Preview Wave 1,Duel Terminal - Preview Wave 2,Pharaoh's Servant,","null","null","null","https://storage.googleapis.com/ygoprodeck.com/pics/60082869.jpg","https://storage.googleapis.com/ygoprodeck.com/pics_small/60082869.jpg"
"60682203","Cold Wave","This card can only be activated at the start of Main Phase 1. Until your next turn, you and your opponent cannot play or Set any Spell or Trap Cards.","null","null","Spell Card","0","Normal","0","null","null","null","null","CP06-EN018,PSV-062,SDZW-EN019,PSV-EN062,PSV-E062,","Champion Pack: Game Six,Pharaoh's Servant,Zombie World Structure Deck,Pharaoh's Servant,Pharaoh's Servant,","Banned","Banned","null","https://storage.googleapis.com/ygoprodeck.com/pics/60682203.jpg","https://storage.googleapis.com/ygoprodeck.com/pics_small/60682203.jpg"
"60866277","Earthshaker","Select 2 Monster Card Attributes. Your opponent then selects 1 of the 2 Attributes and destroys all face-up monsters with that Attribute on the field.","null","null","Trap Card","0","Normal","0","null","null","null","null","PSV-014,PSV-E014,PSV-EN014,","Pharaoh's Servant,Pharaoh's Servant,Pharaoh's Servant,","null","null","null","https://storage.googleapis.com/ygoprodeck.com/pics/60866277.jpg","https://storage.googleapis.com/ygoprodeck.com/pics_small/60866277.jpg"
"61705417","Graverobber","Select 1 Spell Card from your opponent's Graveyard. You can use it as your hand until the end of the turn. If you use it, you take 2000 points of damage.","null","null","Trap Card","0","Normal","0","null","null","null","null","DB1-EN072,PSV-008,PSV-E008,PSV-EN008,","Dark Beginning 1,Pharaoh's Servant,Pharaoh's Servant,Pharaoh's Servant,","null","null","null","https://storage.googleapis.com/ygoprodeck.com/pics/61705417.jpg","https://storage.googleapis.com/ygoprodeck.com/pics_small/61705417.jpg"
"61740673","Imperial Order","Negate all Spell effects on the field. Once per turn, during the Standby Phase, you must pay 700 LP (this is not optional), or this card is destroyed.","null","null","Trap Card","0","Continuous","0","null","null","null","null","OP09-EN023,PSV-104,DUSA-EN049,PSV-EN104,DB1-EN086,LCYW-EN178,PSV-E104,","OTS Tournament Pack 9,Pharaoh's Servant,Duelist Saga,Pharaoh's Servant,Dark Beginning 1,Legendary Collection 3: Yugi's World Mega Pack,Pharaoh's Servant,","Limited","Limited","Banned","https://storage.googleapis.com/ygoprodeck.com/pics/61740673.jpg","https://storage.googleapis.com/ygoprodeck.com/pics_small/61740673.jpg"
"62867251","Light of Intervention","While this card is on the field, Monster Cards cannot be Set or flipped face-down. If a Monster Card would be Set, it must be Normal Summoned in face-up Defense Position.","null","null","Trap Card","0","Continuous","0","null","null","null","null","SKE-046,PSV-031,DB1-EN084,DT02-EN047,PSV-EN031,PSV-E031,","Starter Deck: Kaiba Evolution,Pharaoh's Servant,Dark Beginning 1,Duel Terminal 2,Pharaoh's Servant,Pharaoh's Servant,","null","null","null","https://storage.googleapis.com/ygoprodeck.com/pics/62867251.jpg","https://storage.googleapis.com/ygoprodeck.com/pics_small/62867251.jpg"
"63519819","Thousand-Eyes Restrict","""Relinquished"" + ""Thousand-Eyes Idol""\nOther monsters on the field cannot change their battle positions or attack. Once per turn: You can target 1 monster your opponent controls; equip that target to this card. (You can only equip 1 monster at a time to this card with this effect.) This card's ATK and DEF become equal to that equipped monster's. If this card would be destroyed by battle, destroy that equipped monster instead.","0","0","Fusion Monster","1","Spellcaster","DARK","null","null","null","Eyes Restrict","LED2-EN005,DPRP-EN046,DL1-001,PSV-084,MC1-EN004,DB1-EN195,RP02-EN021,PSV-E084,PSV-EN084,","Legendary Duelists: Ancient Millennium,Duelist Pack: Rivals of the Pharaoh,Duelist League Series 1 participation cards,Pharaoh's Servant,Master Collection Volume 1,Dark Beginning 1,Retro Pack 2,Pharaoh's Servant,Pharaoh's Servant,","null","null","null","https://storage.googleapis.com/ygoprodeck.com/pics/63519819.jpg","https://storage.googleapis.com/ygoprodeck.com/pics_small/63519819.jpg"
"63689843","Attack and Receive","You can only activate this card when you take damage to your Life Points. Inflict 700 points of damage to your opponent's Life Points. Also, inflict 300 points of damage to your opponent's Life Points for each ""Attack and Receive"" card in your Graveyard.","null","null","Trap Card","0","Normal","0","null","null","null","null","DB1-EN173,PSV-054,PSV-E054,PSV-EN054,","Dark Beginning 1,Pharaoh's Servant,Pharaoh's Servant,Pharaoh's Servant,","null","null","null","https://storage.googleapis.com/ygoprodeck.com/pics/63689843.jpg","https://storage.googleapis.com/ygoprodeck.com/pics_small/63689843.jpg"
"66362965","The Fiend Megacyber","If your opponent controls at least 2 more monsters than you do, you can Special Summon this card (from your hand).","2200","1200","Effect Monster","6","Warrior","DARK","null","null","null","null","BP02-EN009,LCJW-EN029,DB1-EN203,DEM1-EN007,BP02-EN009,PSV-100,TP4-005,PSV-E100,PSV-EN100,","Battle Pack 2: War of the Giants,Legendary Collection 4: Joey's World Mega Pack,Dark Beginning 1,Demo Pack,Battle Pack 2: War of the Giants,Pharaoh's Servant,Tournament Pack 4,Pharaoh's Servant,Pharaoh's Servant,","null","null","null","https://storage.googleapis.com/ygoprodeck.com/pics/66362965.jpg","https://storage.googleapis.com/ygoprodeck.com/pics_small/66362965.jpg"
"66719324","Rain of Mercy","Increases the Life Points of both players by 1000 points.","null","null","Spell Card","0","Normal","0","null","null","null","null","DB1-EN180,PSV-065,PSV-E065,PSV-EN065,","Dark Beginning 1,Pharaoh's Servant,Pharaoh's Servant,Pharaoh's Servant,","null","null","null","https://storage.googleapis.com/ygoprodeck.com/pics/66719324.jpg","https://storage.googleapis.com/ygoprodeck.com/pics_small/66719324.jpg"
"66927994","Oni Tank T-34","An armored tank possessed by a fiend that will pursue enemies until they're crushed.","1400","1700","Normal Monster","4","Machine","EARTH","null","null","null","null","PSV-059,PSV-E059,PSV-EN059,","Pharaoh's Servant,Pharaoh's Servant,Pharaoh's Servant,","null","null","null","https://storage.googleapis.com/ygoprodeck.com/pics/66927994.jpg","https://storage.googleapis.com/ygoprodeck.com/pics_small/66927994.jpg"
"67049542","Dark Bat","Bats from the netherworld that use their hyper senses to detect their enemies.","1000","1000","Normal Monster","3","Winged Beast","WIND","null","null","null","null","PSV-058,PSV-E058,PSV-EN058,","Pharaoh's Servant,Pharaoh's Servant,Pharaoh's Servant,","null","null","null","https://storage.googleapis.com/ygoprodeck.com/pics/67049542.jpg","https://storage.googleapis.com/ygoprodeck.com/pics_small/67049542.jpg"
"67532912","Science Soldier","Soldiers equipped with state-of-the-art weaponry to face unknown creatures.","800","800","Normal Monster","3","Warrior","DARK","null","null","null","null","PSV-097,PSV-E097,PSV-EN097,","Pharaoh's Servant,Pharaoh's Servant,Pharaoh's Servant,","null","null","null","https://storage.googleapis.com/ygoprodeck.com/pics/67532912.jpg","https://storage.googleapis.com/ygoprodeck.com/pics_small/67532912.jpg"
"70828912","Premature Burial","Activate this card by paying 800 LP, then target 1 monster in your Graveyard; Special Summon that target in Attack Position and equip it with this card. When this card is destroyed, destroy the equipped monster.","null","null","Spell Card","0","Equip","0","null","null","null","null","SD3-EN018,BP03-EN136,BP01-EN040,BP02-EN135,BP02-EN135,LCJW-EN064,BP03-EN136,SD1-EN013,SDRL-EN024,BP01-EN040,SKE-039,SD4-EN017,SD6-EN020,YSD-EN023,SD7-EN018,RP02-EN012,DB1-EN091,PSV-037,PSV-E037,PSV-EN037,","Structure Deck: Blaze of Destruction,Battle Pack 3: Monster League,Battle Pack: Epic Dawn,Battle Pack 2: War of the Giants,Battle Pack 2: War of the Giants,Legendary Collection 4: Joey's World Mega Pack,Battle Pack 3: Monster League,Structure Deck: Dragon's Roar,Rise of the Dragon Lords Structure Deck,Battle Pack: Epic Dawn,Starter Deck: Kaiba Evolution,Structure Deck: Fury from the Deep,Structure Deck: Spellcaster's Judgment,Starter Deck 2006,Structure Deck: Invincible Fortress,Retro Pack 2,Dark Beginning 1,Pharaoh's Servant,Pharaoh's Servant,Pharaoh's Servant,","Banned","Banned","Limited","https://storage.googleapis.com/ygoprodeck.com/pics/70828912.jpg","https://storage.googleapis.com/ygoprodeck.com/pics_small/70828912.jpg"
"71044499","Nobleman of Crossout","Target 1 face-down monster on the field; destroy that target, and if you do, banish it, then, if it was a Flip monster, each player reveals their Main Deck, then banishes all cards from it with that monster's name.","null","null","Spell Card","0","Normal","0","null","null","null","null","AP06-EN023,RP02-EN011,SD1-EN012,SKE-038,SD2-EN016,TU03-EN017,SD3-EN017,SD8-EN020,SD6-EN019,SDDE-EN020,PSV-034,DT03-EN042,DL14-EN015,HL06-EN001,DB1-EN088,PSV-EN034,PSV-E034,","Astral Pack Six,Retro Pack 2,Structure Deck: Dragon's Roar,Starter Deck: Kaiba Evolution,Structure Deck: Zombie Madness,Turbo Pack: Booster Three,Structure Deck: Blaze of Destruction,Structure Deck: Lord of the Storm,Structure Deck: Spellcaster's Judgment,The Dark Emperor Structure Deck,Pharaoh's Servant,Duel Terminal 3,Duelist League 14 participation cards,Hobby League 6 participation card A,Dark Beginning 1,Pharaoh's Servant,Pharaoh's Servant,","null","null","Semi-Limited","https://storage.googleapis.com/ygoprodeck.com/pics/71044499.jpg","https://storage.googleapis.com/ygoprodeck.com/pics_small/71044499.jpg"
"73079365","Gust","You can activate this card when 1 or more of your Spell Cards are destroyed and sent from the field to the Graveyard by a card effect your opponent controls. Destroy 1 Spell or Trap Card on the field.","null","null","Trap Card","0","Normal","0","null","null","null","null","PSV-017,PSV-E017,PSV-EN017,","Pharaoh's Servant,Pharaoh's Servant,Pharaoh's Servant,","null","null","null","https://storage.googleapis.com/ygoprodeck.com/pics/73079365.jpg","https://storage.googleapis.com/ygoprodeck.com/pics_small/73079365.jpg"
"74701381","DNA Surgery","Activate this card by declaring 1 Monster Type. All face-up monsters on the field become that Type.","null","null","Trap Card","0","Continuous","0","null","null","null","null","PSV-026,DL18-EN015,DB1-EN081,LCYW-EN284,PSV-EN026,PSV-E026,","Pharaoh's Servant,Duelist League 18 participation cards,Dark Beginning 1,Legendary Collection 3: Yugi's World Mega Pack,Pharaoh's Servant,Pharaoh's Servant,","null","null","null","https://storage.googleapis.com/ygoprodeck.com/pics/74701381.jpg","https://storage.googleapis.com/ygoprodeck.com/pics_small/74701381.jpg"
"74923978","Forced Requisition","You can activate this card when you discard from your hand. After that, each time you discard from your hand, your opponent must also discard the same number of cards from his/her hand.","null","null","Trap Card","0","Continuous","0","null","null","null","null","DB1-EN080,PSV-025,PSV-E025,PSV-EN025,","Dark Beginning 1,Pharaoh's Servant,Pharaoh's Servant,Pharaoh's Servant,","null","null","null","https://storage.googleapis.com/ygoprodeck.com/pics/74923978.jpg","https://storage.googleapis.com/ygoprodeck.com/pics_small/74923978.jpg"
"75646520","Metal Detector","You can only activate this card when a Continuous Trap Card is activated. Negate all Continuous Trap Cards during the turn this card is activated.","null","null","Trap Card","0","Normal","0","null","null","null","null","PSV-022,PSV-E022,PSV-EN022,","Pharaoh's Servant,Pharaoh's Servant,Pharaoh's Servant,","null","null","null","https://storage.googleapis.com/ygoprodeck.com/pics/75646520.jpg","https://storage.googleapis.com/ygoprodeck.com/pics_small/75646520.jpg"
"77585513","Jinzo","Trap Cards, and their effects on the field, cannot be activated. Negate all Trap effects on the field.","2400","1500","Effect Monster","6","Machine","DARK","null","null","null","Jinzo","LDK2-ENJ10,LCJW-EN023,DPBC-EN027,DL12-EN005,BP01-EN003,PGLD-EN051,BP01-EN003,GLD1-EN003,DUSA-EN045,DB1-EN067,YAP1-EN007,BPT-011,PSV-000,RP02-EN001,PSV-E000,PSV-EN000,","Legendary Decks II,Legendary Collection 4: Joey's World Mega Pack,Duelist Pack: Battle City,Duelist League 3 participation cards,Battle Pack: Epic Dawn,Premium Gold,Battle Pack: Epic Dawn,Gold Series,Duelist Saga,Dark Beginning 1,Anniversary Pack,Collectible Tins 2003,Pharaoh's Servant,Retro Pack 2,Pharaoh's Servant,Pharaoh's Servant,","null","null","Limited","https://storage.googleapis.com/ygoprodeck.com/pics/77585513.jpg","https://storage.googleapis.com/ygoprodeck.com/pics_small/77585513.jpg"
"77585514","Jinzo","Trap Cards, and their effects on the field, cannot be activated. Negate all Trap effects on the field.","2400","1500","Effect Monster","6","Machine","DARK","null","null","null","Jinzo","LDK2-ENJ10,LCJW-EN023,DPBC-EN027,DL12-EN005,BP01-EN003,PGLD-EN051,BP01-EN003,GLD1-EN003,DUSA-EN045,DB1-EN067,YAP1-EN007,BPT-011,PSV-000,RP02-EN001,PSV-E000,PSV-EN000,","Legendary Decks II,Legendary Collection 4: Joey's World Mega Pack,Duelist Pack: Battle City,Duelist League 3 participation cards,Battle Pack: Epic Dawn,Premium Gold,Battle Pack: Epic Dawn,Gold Series,Duelist Saga,Dark Beginning 1,Anniversary Pack,Collectible Tins 2003,Pharaoh's Servant,Retro Pack 2,Pharaoh's Servant,Pharaoh's Servant,","null","null","Limited","https://storage.googleapis.com/ygoprodeck.com/pics/77585514.jpg","https://storage.googleapis.com/ygoprodeck.com/pics_small/77585514.jpg"
"78193831","Buster Blader","This card gains 500 ATK for each Dragon-Type monster your opponent controls or is in their Graveyard.","2600","2300","Effect Monster","7","Warrior","EARTH","null","null","null","null","DPYG-EN007,YSYR-EN009,BP01-EN117,LDK2-ENY12,SDMY-EN012,YGLD-ENC11,BP01-EN117,YGLD-ENB04,DPBC-EN010,DT01-EN006,DL1-002,DB1-EN095,RP02-EN013,BPT-008,PSV-050,YAP1-EN006,LCYW-EN020,PSV-E050,PSV-EN050,DTP1-EN006,DTP1-EN006,","Duelist Pack: Yugi,Starter Deck: Yugi Reloaded,Battle Pack: Epic Dawn,Legendary Decks II,Structure Deck: Yugi Muto,Yugi's Legendary Decks,Battle Pack: Epic Dawn,Yugi's Legendary Decks,Duelist Pack: Battle City,Duel Terminal 1,Duelist League Series 1 participation cards,Dark Beginning 1,Retro Pack 2,Collectible Tins 2003,Pharaoh's Servant,Anniversary Pack,Legendary Collection 3: Yugi's World Mega Pack,Pharaoh's Servant,Pharaoh's Servant,Duel Terminal - Preview Wave 1,Duel Terminal - Preview Wave 2,","null","null","null","https://storage.googleapis.com/ygoprodeck.com/pics/78193831.jpg","https://storage.googleapis.com/ygoprodeck.com/pics_small/78193831.jpg"
"78193832","Buster Blader","This card gains 500 ATK for each Dragon-Type monster your opponent controls or is in their Graveyard.","2600","2300","Effect Monster","7","Warrior","EARTH","null","null","null","null","DPYG-EN007,YSYR-EN009,BP01-EN117,LDK2-ENY12,SDMY-EN012,YGLD-ENC11,BP01-EN117,YGLD-ENB04,DPBC-EN010,DT01-EN006,DL1-002,DB1-EN095,RP02-EN013,BPT-008,PSV-050,YAP1-EN006,LCYW-EN020,PSV-E050,PSV-EN050,DTP1-EN006,DTP1-EN006,","Duelist Pack: Yugi,Starter Deck: Yugi Reloaded,Battle Pack: Epic Dawn,Legendary Decks II,Structure Deck: Yugi Muto,Yugi's Legendary Decks,Battle Pack: Epic Dawn,Yugi's Legendary Decks,Duelist Pack: Battle City,Duel Terminal 1,Duelist League Series 1 participation cards,Dark Beginning 1,Retro Pack 2,Collectible Tins 2003,Pharaoh's Servant,Anniversary Pack,Legendary Collection 3: Yugi's World Mega Pack,Pharaoh's Servant,Pharaoh's Servant,Duel Terminal - Preview Wave 1,Duel Terminal - Preview Wave 2,","null","null","null","https://storage.googleapis.com/ygoprodeck.com/pics/78193832.jpg","https://storage.googleapis.com/ygoprodeck.com/pics_small/78193832.jpg"
"78423643","Three-Headed Geedo","A three-headed nocturnal monster that is absolutely ruthless when fighting.","1200","1400","Normal Monster","4","Fiend","DARK","null","null","null","null","PSV-002,PSV-E002,PSV-EN002,","Pharaoh's Servant,Pharaoh's Servant,Pharaoh's Servant,","null","null","null","https://storage.googleapis.com/ygoprodeck.com/pics/78423643.jpg","https://storage.googleapis.com/ygoprodeck.com/pics_small/78423643.jpg"
"78658564","Goblin Attack Force","If this card attacks, it is changed to Defense Position at the end of the Battle Phase, and its battle position cannot be changed until the End Phase of your next turn.","2300","0","Effect Monster","4","Warrior","EARTH","null","null","null","null","5DS2-EN008,RP02-EN024,TP7-EN006,LDK2-ENJ11,BP01-EN118,LCJW-EN028,BP01-EN118,BP02-EN008,BP02-EN008,SD5-EN004,DB1-EN202,PSV-094,PSV-E094,PSV-EN094,","Starter Deck: Yu-Gi-Oh! 5D's 2009,Retro Pack 2,Tournament Pack 7,Legendary Decks II,Battle Pack: Epic Dawn,Legendary Collection 4: Joey's World Mega Pack,Battle Pack: Epic Dawn,Battle Pack 2: War of the Giants,Battle Pack 2: War of the Giants,Structure Deck: Warrior's Triumph,Dark Beginning 1,Pharaoh's Servant,Pharaoh's Servant,Pharaoh's Servant,","null","null","null","https://storage.googleapis.com/ygoprodeck.com/pics/78658564.jpg","https://storage.googleapis.com/ygoprodeck.com/pics_small/78658564.jpg"
"78861134","Darkfire Soldier 2","A warrior who gained immeasurable power from the heart of a volcano.","1700","1100","Normal Monster","4","Pyro","FIRE","null","null","null","null","PSV-045,PSV-E045,PSV-EN045,","Pharaoh's Servant,Pharaoh's Servant,Pharaoh's Servant,","null","null","null","https://storage.googleapis.com/ygoprodeck.com/pics/78861134.jpg","https://storage.googleapis.com/ygoprodeck.com/pics_small/78861134.jpg"
"78984772","Twin-Headed Fire Dragon","Two dragons fused as one from the effects of the Big Bang.","2200","1700","Normal Monster","6","Pyro","FIRE","null","null","null","null","PSV-042,PSV-E042,PSV-EN042,","Pharaoh's Servant,Pharaoh's Servant,Pharaoh's Servant,","null","null","null","https://storage.googleapis.com/ygoprodeck.com/pics/78984772.jpg","https://storage.googleapis.com/ygoprodeck.com/pics_small/78984772.jpg"
"79106360","Morphing Jar 2","FLIP: Shuffle all monsters on the field into the Deck. Then, each player excavates cards from the top of their Deck, until they excavate the same number of monsters they shuffled into their Main Deck. Special Summon all excavated Level 4 or lower monsters in face-down Defense Position, also send the remaining cards to the Graveyard.","800","700","Flip Effect Monster","3","Rock","EARTH","null","null","null","null","LCYW-EN240,SP14-EN039,SP14-EN039,PSV-040,AP04-EN015,DB1-EN092,PSV-E040,PSV-EN040,","Legendary Collection 3: Yugi's World Mega Pack,Star Pack 2014,Star Pack 2014,Pharaoh's Servant,Astral Pack Four,Dark Beginning 1,Pharaoh's Servant,Pharaoh's Servant,","Banned","null","null","https://storage.googleapis.com/ygoprodeck.com/pics/79106360.jpg","https://storage.googleapis.com/ygoprodeck.com/pics_small/79106360.jpg"
"79870141","Mad Sword Beast","If this card attacks a Defense Position monster, inflict piercing battle damage to your opponent.","1400","1200","Effect Monster","4","Dinosaur","EARTH","null","null","null","null","LCJW-EN027,SKE-022,TP4-020,SD09-EN004,PSV-091,RP02-EN023,DB1-EN201,PSV-E091,PSV-EN091,","Legendary Collection 4: Joey's World Mega Pack,Starter Deck: Kaiba Evolution,Tournament Pack 4,Structure Deck: Dinosaur's Rage,Pharaoh's Servant,Retro Pack 2,Dark Beginning 1,Pharaoh's Servant,Pharaoh's Servant,","null","null","null","https://storage.googleapis.com/ygoprodeck.com/pics/79870141.jpg","https://storage.googleapis.com/ygoprodeck.com/pics_small/79870141.jpg"
"81210420","Magical Hats","During your opponent's Battle Phase: Choose 2 Spell/Trap Cards from your Deck and 1 monster you control. Special Summon them as Normal Monsters (ATK 0/DEF 0) in face-down Defense Position, Set the chosen monster if it is face-up, and shuffle them on the field. The 2 cards chosen from your Deck are destroyed at the end of the Battle Phase, and cannot remain on the field except during this Battle Phase.","null","null","Trap Card","0","Normal","0","null","null","null","null","LDK2-ENY36,LCYW-EN096,YGLD-ENA38,YGLD-ENB34,DB1-EN087,DPYG-EN028,CP06-EN019,RP02-EN010,PSV-033,PSV-EN033,PSV-E033,","Legendary Decks II,Legendary Collection 3: Yugi's World Mega Pack,Yugi's Legendary Decks,Yugi's Legendary Decks,Dark Beginning 1,Duelist Pack: Yugi,Champion Pack: Game Six,Retro Pack 2,Pharaoh's Servant,Pharaoh's Servant,Pharaoh's Servant,","null","null","null","https://storage.googleapis.com/ygoprodeck.com/pics/81210420.jpg","https://storage.googleapis.com/ygoprodeck.com/pics_small/81210420.jpg"
"83994646","4-Starred Ladybug of Doom","FLIP: Destroy all Level 4 monsters your opponent controls.","800","1200","Flip Effect Monster","3","Insect","WIND","null","null","null","null","DB1-EN198,YSYR-EN010,RP02-EN022,PSV-088,PSV-E088,PSV-EN088,","Dark Beginning 1,Starter Deck: Yugi Reloaded,Retro Pack 2,Pharaoh's Servant,Pharaoh's Servant,Pharaoh's Servant,","null","null","null","https://storage.googleapis.com/ygoprodeck.com/pics/83994646.jpg","https://storage.googleapis.com/ygoprodeck.com/pics_small/83994646.jpg"
"84620194","Girochin Kuwagata","Despite its small size, this monster has powerful jaws that can rip metal to shreds.","1700","1000","Normal Monster","4","Insect","WIND","null","null","null","null","PSV-085,PSV-E085,PSV-EN085,","Pharaoh's Servant,Pharaoh's Servant,Pharaoh's Servant,","null","null","null","https://storage.googleapis.com/ygoprodeck.com/pics/84620194.jpg","https://storage.googleapis.com/ygoprodeck.com/pics_small/84620194.jpg"
"85742772","Gravity Bind","Level 4 or higher monsters cannot attack.","null","null","Trap Card","0","Continuous","0","null","null","null","null","LCJW-EN108,LDK2-ENY40,DB1-EN187,SD4-EN028,RP02-EN018,LCYW-EN150,PSV-073,SDRE-EN038,TP4-018,PSV-EN073,PSV-E073,","Legendary Collection 4: Joey's World Mega Pack,Legendary Decks II,Dark Beginning 1,Structure Deck: Fury from the Deep,Retro Pack 2,Legendary Collection 3: Yugi's World Mega Pack,Pharaoh's Servant,Realm of the Sea Emperor Structure Deck,Tournament Pack 4,Pharaoh's Servant,Pharaoh's Servant,","null","null","Semi-Limited","https://storage.googleapis.com/ygoprodeck.com/pics/85742772.jpg","https://storage.googleapis.com/ygoprodeck.com/pics_small/85742772.jpg"
"86198326","7 Completed","Activate this card by choosing ATK or DEF; equip only to a Machine-Type monster. It gains 700 ATK or DEF, depending on the choice.","null","null","Spell Card","0","Equip","0","null","null","null","null","BP03-EN135,DT02-EN038,PSV-E004,PSV-004,BP03-EN135,PSV-EN004,","Battle Pack 3: Monster League,Duel Terminal 2,Pharaoh's Servant,Pharaoh's Servant,Battle Pack 3: Monster League,Pharaoh's Servant,","null","null","null","https://storage.googleapis.com/ygoprodeck.com/pics/86198326.jpg","https://storage.googleapis.com/ygoprodeck.com/pics_small/86198326.jpg"
"87511987","Spikebot","A mechanical soldier created by a wicked sorcerer, it attacks with the two steel balls attached to its arms.","1800","1700","Normal Monster","5","Machine","DARK","null","null","null","null","PSV-081,PSV-E081,PSV-EN081,","Pharaoh's Servant,Pharaoh's Servant,Pharaoh's Servant,","null","null","null","https://storage.googleapis.com/ygoprodeck.com/pics/87511987.jpg","https://storage.googleapis.com/ygoprodeck.com/pics_small/87511987.jpg"
"88733579","Drill Bug","When this card inflicts Battle Damage to your opponent's Life Points, you can select 1 ""Parasite Paracide"" card from your Deck, shuffle the Deck, and place ""Parasite Paracide"" on top of the Deck.","1100","200","Effect Monster","2","Insect","EARTH","null","null","null","Parasite","DB1-EN192,PSV-078,PSV-E078,PSV-EN078,","Dark Beginning 1,Pharaoh's Servant,Pharaoh's Servant,Pharaoh's Servant,","null","null","null","https://storage.googleapis.com/ygoprodeck.com/pics/88733579.jpg","https://storage.googleapis.com/ygoprodeck.com/pics_small/88733579.jpg"
"90502999","Ground Collapse","Select 2 Monster Card Zones on the field. Neither player can use the selected zones. You cannot select a zone that is occupied by a Monster Card.","null","null","Spell Card","0","Continuous","0","null","null","null","null","PSV-070,DB1-EN184,PSV-E070,PSV-EN070,","Pharaoh's Servant,Dark Beginning 1,Pharaoh's Servant,Pharaoh's Servant,","null","null","null","https://storage.googleapis.com/ygoprodeck.com/pics/90502999.jpg","https://storage.googleapis.com/ygoprodeck.com/pics_small/90502999.jpg"
"90908427","Steel Ogre Grotto 2","A mechanized iron doll with tremendous strength.","1900","2200","Normal Monster","6","Machine","EARTH","null","null","null","null","PSV-001,PSV-E001,PSV-EN001,","Pharaoh's Servant,Pharaoh's Servant,Pharaoh's Servant,","null","null","null","https://storage.googleapis.com/ygoprodeck.com/pics/90908427.jpg","https://storage.googleapis.com/ygoprodeck.com/pics_small/90908427.jpg"
"93108433","Monster Recovery","Target 1 monster you control that is owned by you; if that monster is still on the field, shuffle it and your entire hand into the Deck, also, after that, draw cards equal to the number of cards you shuffled from your hand into the Deck by this effect. (You cannot activate this card if you have a card in your hand that is owned by your opponent.)","null","null","Spell Card","0","Quick-Play","0","null","null","null","null","DB1-EN181,YGLD-ENA27,YGLD-ENB29,PSV-066,PSV-E066,PSV-EN066,","Dark Beginning 1,Yugi's Legendary Decks,Yugi's Legendary Decks,Pharaoh's Servant,Pharaoh's Servant,Pharaoh's Servant,","null","null","null","https://storage.googleapis.com/ygoprodeck.com/pics/93108433.jpg","https://storage.googleapis.com/ygoprodeck.com/pics_small/93108433.jpg"
"96355986","Enchanted Javelin","Increase your Life Points by the ATK of 1 opponent's attacking monster.","null","null","Trap Card","0","Normal","0","null","null","null","null","DB1-EN077,SDP-049,PSV-015,PSV-EN015,PSV-E015,","Dark Beginning 1,Starter Deck: Pegasus,Pharaoh's Servant,Pharaoh's Servant,Pharaoh's Servant,","null","null","null","https://storage.googleapis.com/ygoprodeck.com/pics/96355986.jpg","https://storage.googleapis.com/ygoprodeck.com/pics_small/96355986.jpg"
"96965364","Insect Imitation","Tribute 1 monster. Special Summon 1 Insect-Type monster from your Deck whose Level is 1 higher than the Tributed monster's.","null","null","Spell Card","0","Normal","0","null","null","null","null","RP02-EN016,PSV-068,PSV-E068,PSV-EN068,","Retro Pack 2,Pharaoh's Servant,Pharaoh's Servant,Pharaoh's Servant,","null","null","null","https://storage.googleapis.com/ygoprodeck.com/pics/96965364.jpg","https://storage.googleapis.com/ygoprodeck.com/pics_small/96965364.jpg"
"97077563","Call of the Haunted","Activate this card by targeting 1 monster in your GY; Special Summon that target in Attack Position. When this card leaves the field, destroy that target. When that target is destroyed, destroy this card.","null","null","Trap Card","0","Continuous","0","null","null","null","null","YS15-ENF26,YS18-EN035,SD4-EN027,SDPL-EN037,YS12-EN036,BP02-EN171,WIRA-EN057,DP04-EN025,BP03-EN187,SD6-EN032,YS17-EN033,SDDC-EN038,YS13-EN039,SDBE-EN037,SDHS-EN037,SDSE-EN037,SR02-EN039,LDK2-ENJ37,SDKS-EN037,SR03-EN037,YS15-ENL27,BP01-EN049,SDOK-EN039,YS14-ENA13,SDCR-EN036,BP02-EN171,YSYR-EN042,SD3-EN028,SD5-EN033,SD1-EN021,SDRL-EN034,BP01-EN049,SD8-EN030,RP02-EN006,NKRT-EN032,PGL2-EN090,GLD5-EN046,BP03-EN187,DL12-EN018,DB1-EN076,LCJW-EN217,YS15-ENY19,YS15-END20,PSV-012,HL06-EN005,LART-EN009,PSV-E012,PSV-EN012,","Saber Force Starter Deck,Starter Deck: Codebreaker,Structure Deck: Fury from the Deep,Structure Deck: Powercode Link,Starter Deck: Xyz Symphony,Battle Pack 2: War of the Giants,Wing Raiders,Duelist Pack: Zane Truesdale,Battle Pack 3: Monster League,Structure Deck: Spellcaster's Judgment,Starter Deck: Link Strike,Dragons Collide Structure Deck,Super Starter: V for Victory,Saga of Blue-Eyes White Dragon Structure Deck,HERO Strike Structure Deck,Synchron Extreme Structure Deck,Rise of the True Dragons Structure Deck,Legendary Decks II,Structure Deck: Seto Kaiba,Machine Reactor Structure Deck,Dark Legion Starter Deck,Battle Pack: Epic Dawn,Onslaught of the Fire Kings Structure Deck,Space-Time Showdown Power-Up Pack,Cyber Dragon Revolution Structure Deck,Battle Pack 2: War of the Giants,Starter Deck: Yugi Reloaded,Structure Deck: Blaze of Destruction,Structure Deck: Warrior's Triumph,Structure Deck: Dragon's Roar,Rise of the Dragon Lords Structure Deck,Battle Pack: Epic Dawn,Structure Deck: Lord of the Storm,Retro Pack 2,Noble Knights of the Round Table Box Set,Premium Gold: Return of the Bling,Gold Series: Haunted Mine,Battle Pack 3: Monster League,Duelist League 3 participation cards,Dark Beginning 1,Legendary Collection 4: Joey's World Mega Pack,2-Player Starter Deck: Yuya & Declan,2-Player Starter Deck: Yuya & Declan,Pharaoh's Servant,Hobby League 6 participation card E,The Lost Art Promotion I,Pharaoh's Servant,Pharaoh's Servant,","null","null","Limited","https://storage.googleapis.com/ygoprodeck.com/pics/97077563.jpg","https://storage.googleapis.com/ygoprodeck.com/pics_small/97077563.jpg"
"97687912","Fairy Meteor Crush","If the equipped monster attacks a Defense Position monster, inflict piercing battle damage to your opponent.","null","null","Spell Card","0","Equip","0","null","null","null","null","LCJW-EN232,DT01-EN095,SKE-040,PSV-063,DB1-EN178,PSV-E063,PSV-EN063,","Legendary Collection 4: Joey's World Mega Pack,Duel Terminal 1,Starter Deck: Kaiba Evolution,Pharaoh's Servant,Dark Beginning 1,Pharaoh's Servant,Pharaoh's Servant,","null","null","null","https://storage.googleapis.com/ygoprodeck.com/pics/97687912.jpg","https://storage.googleapis.com/ygoprodeck.com/pics_small/97687912.jpg"
"98139712","Skull Invitation","Each time a card(s) is sent to the Graveyard, inflict 300 damage to its owner for each card sent.","null","null","Trap Card","0","Continuous","0","null","null","null","null","DB1-EN175,RP02-EN014,PSV-056,SDMA-EN031,PSV-E056,PSV-EN056,","Dark Beginning 1,Retro Pack 2,Pharaoh's Servant,Structure Deck: Marik (TCG),Pharaoh's Servant,Pharaoh's Servant,","null","null","null","https://storage.googleapis.com/ygoprodeck.com/pics/98139712.jpg","https://storage.googleapis.com/ygoprodeck.com/pics_small/98139712.jpg"
"98299011","Gift of the Mystical Elf","Increase your Life Points by 300 points for each monster on the field.","null","null","Trap Card","0","Normal","0","null","null","null","null","SKE-044,DB1-EN073,PSV-009,PSV-E009,PSV-EN009,","Starter Deck: Kaiba Evolution,Dark Beginning 1,Pharaoh's Servant,Pharaoh's Servant,Pharaoh's Servant,","null","null","null","https://storage.googleapis.com/ygoprodeck.com/pics/98299011.jpg","https://storage.googleapis.com/ygoprodeck.com/pics_small/98299011.jpg"
"27911550","Parasite Paracide","FLIP: Put this card face-up in your opponent's Deck and shuffle it. When your opponent draws this card, it is Special Summoned to their side of the field in face-up Defense Position, and inflicts 1000 damage to them. Then, while this card is face-up on the field, all monsters your opponent controls become Insect-Type monsters.","500","300","Flip Effect Monster","2","Insect","EARTH","null","null","null","Parasite","DB1-EN068,RP02-EN002,PSV-003,PSV-EN003,PSV-E003,","Dark Beginning 1,Retro Pack 2,Pharaoh's Servant,Pharaoh's Servant,Pharaoh's Servant,","null","null","null","https://storage.googleapis.com/ygoprodeck.com/pics/27911550.jpg","https://storage.googleapis.com/ygoprodeck.com/pics_small/27911550.jpg"
