"id","name","type","desc","atk","def","level","race","attribute","archetype","set_tag","setcode","ban_goat","ban_tcg","ban_ocg","image_url","image_url_small"
"102380","Lava Golem","Effect Monster","Cannot be Normal Summoned/Set. Must first be Special Summoned (from your hand) to your opponent's side of the field by Tributing 2 monsters they control. You cannot Normal Summon/Set the turn you Special Summon this card. During each of your Standby Phases: Take 1000 damage.","3000","2500","8","Fiend","FIRE","","DPBC-EN034,LCJW-EN117,IOC-SE4,DR1-EN051,PGD-107,SDMA-EN014,RP02-EN082,DT03-EN006,","Duelist Pack: Battle City,Legendary Collection 4: Joey's World Mega Pack,Invasion of Chaos: Special Edition,Dark Revelation Volume 1,Pharaonic Guardian,Structure Deck: Marik (TCG),Retro Pack 2,Duel Terminal 3,","","","","https://storage.googleapis.com/ygoprodeck.com/pics/102380.jpg","https://storage.googleapis.com/ygoprodeck.com/pics_small/102380.jpg"
"1082946","Pyro Clock of Destiny","Trap Card","Move the turn count forward by 1 turn. The turn in which this card is activated continues as normal.","","","","Normal","","","PGD-050,","Pharaonic Guardian,","","","","https://storage.googleapis.com/ygoprodeck.com/pics/1082946.jpg","https://storage.googleapis.com/ygoprodeck.com/pics_small/1082946.jpg"
"1804528","Dark Coffin","Trap Card","When this face-down card is destroyed and sent to the Graveyard, your opponent selects and executes 1 of the following effects:\n● Discard 1 random card in their hand.\n● Select 1 monster on their side of the field and destroy it.","","","","Normal","","","DB2-EN244,PGD-047,SD8-EN032,","Dark Beginning 2,Pharaonic Guardian,Structure Deck: Lord of the Storm,","","","","https://storage.googleapis.com/ygoprodeck.com/pics/1804528.jpg","https://storage.googleapis.com/ygoprodeck.com/pics_small/1804528.jpg"
"2204140","Book of Life","Spell Card","Target 1 Zombie monster in your GY and 1 monster in your opponent's GY; Special Summon the first target, also banish the second target.","","","","Normal","","","OP07-EN017,BP03-EN145,SR07-EN027,BP03-EN145,SDZW-EN023,SD2-EN021,DB2-EN230,PGD-033,TP5-EN008,DL17-EN014,LCJW-EN211,GLD5-EN039,","OTS Tournament Pack 7,Battle Pack 3: Monster League,Structure Deck: Zombie Horde,Battle Pack 3: Monster League,Zombie World Structure Deck,Structure Deck: Zombie Madness,Dark Beginning 2,Pharaonic Guardian,Tournament Pack 5,Duelist League 17 participation cards,Legendary Collection 4: Joey's World Mega Pack,Gold Series: Haunted Mine,","","","","https://storage.googleapis.com/ygoprodeck.com/pics/2204140.jpg","https://storage.googleapis.com/ygoprodeck.com/pics_small/2204140.jpg"
"2326738","Des Lacooda","Effect Monster","Once per turn: You can change this card to face-down Defense Position. When this card is Flip Summoned: Draw 1 card.","500","600","3","Zombie","EARTH","","AP03-EN018,GLD1-EN010,SDZW-EN013,PGD-030,","Astral Pack Three,Gold Series,Zombie World Structure Deck,Pharaonic Guardian,","","","","https://storage.googleapis.com/ygoprodeck.com/pics/2326738.jpg","https://storage.googleapis.com/ygoprodeck.com/pics_small/2326738.jpg"
"2792265","Servant of Catabolism","Effect Monster","This monster may attack your opponent's Life Points directly.","700","500","3","Aqua","LIGHT","","PGD-012,","Pharaonic Guardian,","","","","https://storage.googleapis.com/ygoprodeck.com/pics/2792265.jpg","https://storage.googleapis.com/ygoprodeck.com/pics_small/2792265.jpg"
"2833249","D. Tribe","Trap Card","All monsters on your side of the field are treated as Dragon-Type until the End Phase of this turn.","","","","Normal","","","SKE-050,PGD-102,DR1-EN050,","Starter Deck: Kaiba Evolution,Pharaonic Guardian,Dark Revelation Volume 1,","","","","https://storage.googleapis.com/ygoprodeck.com/pics/2833249.jpg","https://storage.googleapis.com/ygoprodeck.com/pics_small/2833249.jpg"
"2926176","Curse of Royal","Trap Card","Negate the activation and the effect of a Spell or Trap Card that includes the effect of destroying 1 Spell or Trap Card and destroy it.","","","","Counter","","","TP5-EN018,DB2-EN241,PGD-044,","Tournament Pack 5,Dark Beginning 2,Pharaonic Guardian,","","","","https://storage.googleapis.com/ygoprodeck.com/pics/2926176.jpg","https://storage.googleapis.com/ygoprodeck.com/pics_small/2926176.jpg"
"3055837","Trap of Board Eraser","Trap Card","You can only activate this card when an effect that inflicts damage to your Life Points is activated (except Battle Damage). Negate the Effect Damage you receive and your opponent then selects 1 card from his/her hand and discards it.","","","","Counter","","","TP5-EN009,PGD-099,DR1-EN047,","Tournament Pack 5,Pharaonic Guardian,Dark Revelation Volume 1,","","","","https://storage.googleapis.com/ygoprodeck.com/pics/3055837.jpg","https://storage.googleapis.com/ygoprodeck.com/pics_small/3055837.jpg"
"3149764","Tutan Mask","Trap Card","When a Spell/Trap Card is activated that targets exactly 1 Zombie-Type monster on the field (and no other cards): Negate the activation, and if you do, destroy it.","","","","Counter","","","LCJW-EN218,BP03-EN195,BP03-EN195,PGD-041,SDZW-EN035,DB2-EN238,","Legendary Collection 4: Joey's World Mega Pack,Battle Pack 3: Monster League,Battle Pack 3: Monster League,Pharaonic Guardian,Zombie World Structure Deck,Dark Beginning 2,","","","","https://storage.googleapis.com/ygoprodeck.com/pics/3149764.jpg","https://storage.googleapis.com/ygoprodeck.com/pics_small/3149764.jpg"
"3549275","Dice Jar","Flip Effect Monster","FLIP: Both players roll a six-sided die. The player with the lowest result takes damage equal to their opponent's roll x 500. However, if the winner rolled a 6, the loser takes 6000 damage. If the rolls are the same, both players roll again.","200","300","3","Rock","LIGHT","Dice ","PGD-027,DB2-EN226,LCJW-EN262,","Pharaonic Guardian,Dark Beginning 2,Legendary Collection 4: Joey's World Mega Pack,","","","","https://storage.googleapis.com/ygoprodeck.com/pics/3549275.jpg","https://storage.googleapis.com/ygoprodeck.com/pics_small/3549275.jpg"
"4035199","Shapesnatch","Normal Monster","A bow tie with horrible power, it attacks an opponent by controlling others.","1200","1700","5","Machine","DARK","","PGD-002,","Pharaonic Guardian,","","","","https://storage.googleapis.com/ygoprodeck.com/pics/4035199.jpg","https://storage.googleapis.com/ygoprodeck.com/pics_small/4035199.jpg"
"4178474","Raigeki Break","Trap Card","Discard 1 card, then target 1 card on the field; destroy it.","","","","Normal","","","YS12-EN031,DR1-EN044,YS16-EN035,SYE-050,YS14-EN033,PGD-096,5DS3-EN032,5DS2-EN036,YS11-EN037,LCYW-EN286,","Starter Deck: Xyz Symphony,Dark Revelation Volume 1,Starter Deck: Yuya,Starter Deck: Yugi Evolution,Super Starter: Space-Time Showdown,Pharaonic Guardian,Starter Deck: Duelist Toolbox,Starter Deck: Yu-Gi-Oh! 5D's 2009,Starter Deck: Dawn of the Xyz,Legendary Collection 3: Yugi's World Mega Pack,","","","","https://storage.googleapis.com/ygoprodeck.com/pics/4178474.jpg","https://storage.googleapis.com/ygoprodeck.com/pics_small/4178474.jpg"
"4335645","Newdoria","Effect Monster","When this card is destroyed by battle and sent to the Graveyard: Target 1 monster on the field; destroy that target.","1200","800","4","Fiend","DARK","","DR1-EN005,RP02-EN073,LCJW-EN115,DT03-EN005,SDGU-EN018,SDMA-EN006,DEM2-EN013,GLD1-EN011,PGD-057,","Dark Revelation Volume 1,Retro Pack 2,Legendary Collection 4: Joey's World Mega Pack,Duel Terminal 3,Gates of the Underworld Structure Deck,Structure Deck: Marik (TCG),Demo Deck 2015,Gold Series,Pharaonic Guardian,","","","","https://storage.googleapis.com/ygoprodeck.com/pics/4335645.jpg","https://storage.googleapis.com/ygoprodeck.com/pics_small/4335645.jpg"
"4861205","Call of the Mummy","Spell Card","Once per turn: You can Special Summon 1 Zombie-Type monster from your hand. You must control no monsters to activate and to resolve this effect.","","","","Continuous","","","DB2-EN235,SR07-EN028,BP03-EN146,SDZW-EN024,PGD-038,SD2-EN022,GLD5-EN040,BP03-EN146,DL17-EN015,LCJW-EN212,","Dark Beginning 2,Structure Deck: Zombie Horde,Battle Pack 3: Monster League,Zombie World Structure Deck,Pharaonic Guardian,Structure Deck: Zombie Madness,Gold Series: Haunted Mine,Battle Pack 3: Monster League,Duelist League 17 participation cards,Legendary Collection 4: Joey's World Mega Pack,","","","","https://storage.googleapis.com/ygoprodeck.com/pics/4861205.jpg","https://storage.googleapis.com/ygoprodeck.com/pics_small/4861205.jpg"
"5257687","Jowls of Dark Demise","Flip Effect Monster","FLIP: Take control of 1 monster on your opponent's side of the field until the end of the turn that this card's effect is activated. When the controlled monster attacks, it can attack your opponent's Life Points directly.","200","100","2","Fiend","WATER","","PGD-009,DB2-EN212,","Pharaonic Guardian,Dark Beginning 2,","","","","https://storage.googleapis.com/ygoprodeck.com/pics/5257687.jpg","https://storage.googleapis.com/ygoprodeck.com/pics_small/5257687.jpg"
"5990062","Reversal Quiz","Spell Card","Send all cards in your hand and on your side of the field to the Graveyard. Call the type of card (Spell, Trap, or Monster) on top of your Deck. If you call it right, exchange your current Life Points with your opponent's current ones.","","","","Normal","","","PGD-092,DR1-EN040,","Pharaonic Guardian,Dark Revelation Volume 1,","","","","https://storage.googleapis.com/ygoprodeck.com/pics/5990062.jpg","https://storage.googleapis.com/ygoprodeck.com/pics_small/5990062.jpg"
"10012614","Banner of Courage","Spell Card","All monsters you control gain 200 ATK during your Battle Phase only.","","","","Continuous","","","5DS3-EN024,DR1-EN037,YS15-ENL21,BP03-EN147,YS11-EN028,BP03-EN147,PGD-089,YSDJ-EN025,YS15-END15,","Starter Deck: Duelist Toolbox,Dark Revelation Volume 1,Dark Legion Starter Deck,Battle Pack 3: Monster League,Starter Deck: Dawn of the Xyz,Battle Pack 3: Monster League,Pharaonic Guardian,Starter Deck: Jaden Yuki,2-Player Starter Deck: Yuya & Declan,","","","","https://storage.googleapis.com/ygoprodeck.com/pics/10012614.jpg","https://storage.googleapis.com/ygoprodeck.com/pics_small/10012614.jpg"
"10248192","Hieroglyph Lithograph","Spell Card","Pay 1000 Life Points. During the current Duel, your hand size limit becomes 7.","","","","Normal","","","PGD-086,DR1-EN034,","Pharaonic Guardian,Dark Revelation Volume 1,","","","","https://storage.googleapis.com/ygoprodeck.com/pics/10248192.jpg","https://storage.googleapis.com/ygoprodeck.com/pics_small/10248192.jpg"
"11961740","Different Dimension Capsule","Spell Card","Select 1 card from your Deck and remove it from play face-down. During your 2nd Standby Phase after activation, destroy this card and add the removed card to your hand.","","","","Normal","","","PGD-083,DP04-EN019,DR1-EN031,","Pharaonic Guardian,Duelist Pack: Zane Truesdale,Dark Revelation Volume 1,","","","","https://storage.googleapis.com/ygoprodeck.com/pics/11961740.jpg","https://storage.googleapis.com/ygoprodeck.com/pics_small/11961740.jpg"
"12183332","Card Shuffle","Spell Card","Pay 300 Life Points to use this card's effect. Shuffle either your or your opponent's Deck. You can only use this effect during your own turn, once per turn.","","","","Continuous","","","DR1-EN028,PGD-080,","Dark Revelation Volume 1,Pharaonic Guardian,","","","","https://storage.googleapis.com/ygoprodeck.com/pics/12183332.jpg","https://storage.googleapis.com/ygoprodeck.com/pics_small/12183332.jpg"
"14087893","Book of Moon","Spell Card","Target 1 face-up monster on the field; change that target to face-down Defense Position.","","","","Quick-Play","","","YSYR-EN030,YS17-EN025,BP02-EN138,TU01-EN012,AP05-EN022,YS18-EN027,SDMA-EN023,SDDC-EN029,BP02-EN138,YS16-EN027,RP02-EN070,YSDS-EN025,SDSC-EN030,BP01-EN072,NKRT-EN027,BP01-EN072,DB2-EN232,PGD-035,PGL2-EN049,LCJW-EN288,LCYW-EN270,DT03-EN093,TU07-EN001,CP01-EN002,","Starter Deck: Yugi Reloaded,Starter Deck: Link Strike,Battle Pack 2: War of the Giants,Turbo Pack: Booster One,Astral Pack Five,Starter Deck: Codebreaker,Structure Deck: Marik (TCG),Dragons Collide Structure Deck,Battle Pack 2: War of the Giants,Starter Deck: Yuya,Retro Pack 2,Starter Deck: Syrus Truesdale,Spellcaster's Command Structure Deck,Battle Pack: Epic Dawn,Noble Knights of the Round Table Box Set,Battle Pack: Epic Dawn,Dark Beginning 2,Pharaonic Guardian,Premium Gold: Return of the Bling,Legendary Collection 4: Joey's World Mega Pack,Legendary Collection 3: Yugi's World Mega Pack,Duel Terminal 3,Turbo Pack: Booster Seven,Champion Pack: Game One,","","Limited","","https://storage.googleapis.com/ygoprodeck.com/pics/14087893.jpg","https://storage.googleapis.com/ygoprodeck.com/pics_small/14087893.jpg"
"14261867","8-Claws Scorpion","Effect Monster","Once per turn, you can flip this card into face-down Defense Position. When this card attacks an opponent's face-down Defense Position monster, this card's ATK becomes 2400 during damage calculation only.","300","200","2","Insect","DARK","","PGD-024,GLD1-EN007,","Pharaonic Guardian,Gold Series,","","","","https://storage.googleapis.com/ygoprodeck.com/pics/14261867.jpg","https://storage.googleapis.com/ygoprodeck.com/pics_small/14261867.jpg"
"15383415","Swarm of Scarabs","Effect Monster","Once per turn: You can change this card to face-down Defense Position. When this card is Flip Summoned: Target 1 monster your opponent controls; destroy that target.","500","1000","3","Insect","DARK","","DB2-EN221,PGD-021,AP03-EN016,GLD1-EN008,","Dark Beginning 2,Pharaonic Guardian,Astral Pack Three,Gold Series,","","","","https://storage.googleapis.com/ygoprodeck.com/pics/15383415.jpg","https://storage.googleapis.com/ygoprodeck.com/pics_small/15383415.jpg"
"16222645","Sasuke Samurai","Effect Monster","At the start of the Damage Step, if this card attacks a face-down Defense Position monster: Destroy that face-down monster.","500","800","2","Warrior","WIND","","LCJW-EN034,DB2-EN216,PGD-015,5DS2-EN010,","Legendary Collection 4: Joey's World Mega Pack,Dark Beginning 2,Pharaonic Guardian,Starter Deck: Yu-Gi-Oh! 5D's 2009,","","","","https://storage.googleapis.com/ygoprodeck.com/pics/16222645.jpg","https://storage.googleapis.com/ygoprodeck.com/pics_small/16222645.jpg"
"16509093","Royal Keeper","Effect Monster","Once per turn, you can flip this card into face-down Defense Position. When this card is flipped face-up, it gains 300 ATK and DEF until the end of the turn. (If attacked, this effect resolves after damage calculation.)","1600","1700","4","Zombie","EARTH","","DB2-EN218,SDZW-EN006,PGD-018,","Dark Beginning 2,Zombie World Structure Deck,Pharaonic Guardian,","","","","https://storage.googleapis.com/ygoprodeck.com/pics/16509093.jpg","https://storage.googleapis.com/ygoprodeck.com/pics_small/16509093.jpg"
"17192817","Molten Behemoth","Normal Monster","A giant born from magma, it attacks with a magma punch.","1000","2200","5","Pyro","FIRE","","PGD-001,","Pharaonic Guardian,","","","","https://storage.googleapis.com/ygoprodeck.com/pics/17192817.jpg","https://storage.googleapis.com/ygoprodeck.com/pics_small/17192817.jpg"
"17214465","Maiden of the Aqua","Effect Monster","As long as this card remains face-up on the field, the field is treated as ""Umi"" (however there is no increasing or decreasing of ATK/DEF due to ""Umi""'s effect). If there is an active Field Spell Card on the field, this effect is not applied.","700","2000","4","Aqua","WATER","","DB2-EN211,PGD-008,","Dark Beginning 2,Pharaonic Guardian,","","","","https://storage.googleapis.com/ygoprodeck.com/pics/17214465.jpg","https://storage.googleapis.com/ygoprodeck.com/pics_small/17214465.jpg"
"17597059","Byser Shock","Effect Monster","When this card is Normal Summoned, Flip Summoned, or Special Summoned, return all Set cards on the field to their owner's respective hands.","800","600","5","Fiend","DARK","","DR1-EN052,PGD-103,","Dark Revelation Volume 1,Pharaonic Guardian,","","","","https://storage.googleapis.com/ygoprodeck.com/pics/17597059.jpg","https://storage.googleapis.com/ygoprodeck.com/pics_small/17597059.jpg"
"23205979","Spirit Reaper","Effect Monster","Cannot be destroyed by battle. After resolving a card effect that targets this face-up card, destroy this card. When this card inflicts battle damage to your opponent by a direct attack: Discard 1 random card from their hand.","300","200","3","Zombie","DARK","","SD2-EN006,GLD4-EN011,DR1-EN024,SDZW-EN009,PGLD-EN083,PGD-076,LCYW-EN246,LCJW-EN190,BATT-EN013,CP03-EN002,","Structure Deck: Zombie Madness,Gold Series 4: Pyramids Edition,Dark Revelation Volume 1,Zombie World Structure Deck,Premium Gold,Pharaonic Guardian,Legendary Collection 3: Yugi's World Mega Pack,Legendary Collection 4: Joey's World Mega Pack,Battle Pack Tournament Prize Cards,Champion Pack: Game Three,","","","","https://storage.googleapis.com/ygoprodeck.com/pics/23205979.jpg","https://storage.googleapis.com/ygoprodeck.com/pics_small/23205979.jpg"
"23927567","An Owl of Luck","Flip Effect Monster","FLIP: Select 1 Field Spell Card from your Deck and place it on top of your Deck. If ""Necrovalley"" is on the field, you can add the selected Field Spell Card to your hand, instead.","300","500","2","Winged Beast","WIND","","DR1-EN021,PGD-073,","Dark Revelation Volume 1,Pharaonic Guardian,","","","","https://storage.googleapis.com/ygoprodeck.com/pics/23927567.jpg","https://storage.googleapis.com/ygoprodeck.com/pics_small/23927567.jpg"
"24140059","A Cat of Ill Omen","Flip Effect Monster","FLIP: Select 1 Trap Card from your Deck and place it on top of your Deck. If ""Necrovalley"" is on the field, you can add the selected card to your hand instead.","500","300","2","Beast","DARK","","SS01-ENB11,PGD-070,DR1-EN018,","Speed Duel Starter Decks: Destiny Masters,Pharaonic Guardian,Dark Revelation Volume 1,","","","","https://storage.googleapis.com/ygoprodeck.com/pics/24140059.jpg","https://storage.googleapis.com/ygoprodeck.com/pics_small/24140059.jpg"
"24317029","Gravekeeper's Spy","Flip Effect Monster","FLIP: Special Summon 1 ""Gravekeeper's"" monster with 1500 or less ATK from your Deck.","1200","2000","4","Spellcaster","DARK","Gravekeeper's","RP02-EN075,DT06-EN061,PGD-059,PGLD-EN082,SDMA-EN007,DR1-EN007,GLD4-EN010,DL11-EN009,LCYW-EN183,LCJW-EN255,CP03-EN003,","Retro Pack 2,Duel Terminal 6b,Pharaonic Guardian,Premium Gold,Structure Deck: Marik (TCG),Dark Revelation Volume 1,Gold Series 4: Pyramids Edition,Duelist League 2 participation cards,Legendary Collection 3: Yugi's World Mega Pack,Legendary Collection 4: Joey's World Mega Pack,Champion Pack: Game Three,","","","","https://storage.googleapis.com/ygoprodeck.com/pics/24317029.jpg","https://storage.googleapis.com/ygoprodeck.com/pics_small/24317029.jpg"
"24530661","Master Kyonshee","Normal Monster","A wandering Kyonshee searching for a strong rival to defeat. They say he was known as the master of all martial arts.","1750","1000","4","Zombie","EARTH","","SD2-EN002,SDZW-EN008,DR1-EN001,PGD-053,","Structure Deck: Zombie Madness,Zombie World Structure Deck,Dark Revelation Volume 1,Pharaonic Guardian,","","","","https://storage.googleapis.com/ygoprodeck.com/pics/24530661.jpg","https://storage.googleapis.com/ygoprodeck.com/pics_small/24530661.jpg"
"25262697","Gravekeeper's Assailant","Effect Monster","When this card declares an attack while ""Necrovalley"" is on the field: You can target 1 face-up monster your opponent controls; change that target's battle position.","1500","1500","4","Spellcaster","DARK","Gravekeeper's","SS01-ENB06,RP02-EN077,SDMA-EN013,DR1-EN015,PGD-067,LCYW-EN189,TU02-EN002,","Speed Duel Starter Decks: Destiny Masters,Retro Pack 2,Structure Deck: Marik (TCG),Dark Revelation Volume 1,Pharaonic Guardian,Legendary Collection 3: Yugi's World Mega Pack,Turbo Pack: Booster Two,","","","","https://storage.googleapis.com/ygoprodeck.com/pics/25262697.jpg","https://storage.googleapis.com/ygoprodeck.com/pics_small/25262697.jpg"
"26084285","Gravekeeper's Watcher","Effect Monster","During either player's turn, when your opponent activates a Spell/Trap Card or monster effect that could make them discard when it resolves: You can send this card from your hand to the Graveyard; negate the activation, and if you do, destroy it.","1000","1000","4","Spellcaster","DARK","Gravekeeper's","LCYW-EN186,DR1-EN012,PGD-064,","Legendary Collection 3: Yugi's World Mega Pack,Dark Revelation Volume 1,Pharaonic Guardian,","","","","https://storage.googleapis.com/ygoprodeck.com/pics/26084285.jpg","https://storage.googleapis.com/ygoprodeck.com/pics_small/26084285.jpg"
"30450531","Rite of Spirit","Trap Card","Target 1 ""Gravekeeper's"" monster in your Graveyard; Special Summon that target. This card's activation and effect are unaffected by ""Necrovalley"".","","","","Normal","","Gravekeeper's","SS01-ENB16,PGD-100,DR1-EN048,LCYW-EN196,DL11-EN019,","Speed Duel Starter Decks: Destiny Masters,Pharaonic Guardian,Dark Revelation Volume 1,Legendary Collection 3: Yugi's World Mega Pack,Duelist League 2 participation cards,","","","","https://storage.googleapis.com/ygoprodeck.com/pics/30450531.jpg","https://storage.googleapis.com/ygoprodeck.com/pics_small/30450531.jpg"
"31242786","Souleater","Normal Monster","A living wonder of mystery.","1200","0","4","Fish","EARTH","","PGD-003,","Pharaonic Guardian,","","","","https://storage.googleapis.com/ygoprodeck.com/pics/31242786.jpg","https://storage.googleapis.com/ygoprodeck.com/pics_small/31242786.jpg"
"37101832","Gravekeeper's Guard","Flip Effect Monster","FLIP: Target 1 monster your opponent controls; return that target to the hand.","1000","1900","4","Spellcaster","DARK","Gravekeeper's","DR1-EN009,SDMA-EN009,PGD-061,LCYW-EN184,","Dark Revelation Volume 1,Structure Deck: Marik (TCG),Pharaonic Guardian,Legendary Collection 3: Yugi's World Mega Pack,","","","","https://storage.googleapis.com/ygoprodeck.com/pics/37101832.jpg","https://storage.googleapis.com/ygoprodeck.com/pics_small/37101832.jpg"
"37576645","Reckless Greed","Trap Card","Draw 2 cards and skip your next 2 Draw Phases.","","","","Normal","","Greed","SDPL-EN038,SD1-EN025,SD2-EN027,RP02-EN071,SD8-EN033,PGD-051,SD7-EN031,BP02-EN175,BP01-EN095,BP02-EN175,DB2-EN247,BP01-EN095,LCYW-EN285,DEM3-EN018,","Structure Deck: Powercode Link,Structure Deck: Dragon's Roar,Structure Deck: Zombie Madness,Retro Pack 2,Structure Deck: Lord of the Storm,Pharaonic Guardian,Structure Deck: Invincible Fortress,Battle Pack 2: War of the Giants,Battle Pack: Epic Dawn,Battle Pack 2: War of the Giants,Dark Beginning 2,Battle Pack: Epic Dawn,Legendary Collection 3: Yugi's World Mega Pack,Demo Deck 2016,","Limited","","","https://storage.googleapis.com/ygoprodeck.com/pics/37576645.jpg","https://storage.googleapis.com/ygoprodeck.com/pics_small/37576645.jpg"
"38299233","Needle Wall","Trap Card","Once per turn, during your Standby Phase: Roll a six-sided die. Treat your opponent's Monster Card Zones as numbers 1-5, counting from your right, and destroy the monster that is in the same Monster Card Zone as the result. If the result is 6, roll again.","","","","Continuous","","","DB2-EN245,LCJW-EN270,PGD-048,","Dark Beginning 2,Legendary Collection 4: Joey's World Mega Pack,Pharaonic Guardian,","","","","https://storage.googleapis.com/ygoprodeck.com/pics/38299233.jpg","https://storage.googleapis.com/ygoprodeck.com/pics_small/38299233.jpg"
"38411870","Needle Ceiling","Trap Card","When there are 4 or more monsters on the field: Destroy all face-up monsters.","","","","Normal","","","DB2-EN242,BPW2-EN081,BP01-EN094,PGD-045,GLD1-EN041,BP01-EN094,WGRT-EN081,","Dark Beginning 2,War of the Giants: Round 2,Battle Pack: Epic Dawn,Pharaonic Guardian,Gold Series,Battle Pack: Epic Dawn,War of the Giants Reinforcements,","","","","https://storage.googleapis.com/ygoprodeck.com/pics/38411870.jpg","https://storage.googleapis.com/ygoprodeck.com/pics_small/38411870.jpg"
"38699854","Book of Taiyou","Spell Card","Flip 1 face-down monster on the field into face-up Attack Position.","","","","Normal","","","RP02-EN069,DB2-EN231,CP02-EN017,PGD-034,","Retro Pack 2,Dark Beginning 2,Champion Pack: Game Two,Pharaonic Guardian,","","","","https://storage.googleapis.com/ygoprodeck.com/pics/38699854.jpg","https://storage.googleapis.com/ygoprodeck.com/pics_small/38699854.jpg"
"38723936","Question","Spell Card","When activating this card, your opponent cannot check cards in the Graveyard. Your opponent calls the name of the first monster found at the bottom of your Graveyard. If he/she calls it right, the monster is removed from play. If he/she calls it wrong, the monster is Special Summoned to your side of the field.","","","","Normal","","","PGD-104,DR1-EN053,","Pharaonic Guardian,Dark Revelation Volume 1,","","","","https://storage.googleapis.com/ygoprodeck.com/pics/38723936.jpg","https://storage.googleapis.com/ygoprodeck.com/pics_small/38723936.jpg"
"39537362","Ordeal of a Traveler","Trap Card","When an opponent's monster declares an attack: Your opponent chooses 1 random card in your hand and calls the type of the card (Monster, Spell, or Trap), and if they call it wrong, return the attacking monster to the hand.","","","","Continuous","","","LCYW-EN156,SD7-EN030,PGD-042,DB2-EN239,","Legendary Collection 3: Yugi's World Mega Pack,Structure Deck: Invincible Fortress,Pharaonic Guardian,Dark Beginning 2,","","","","https://storage.googleapis.com/ygoprodeck.com/pics/39537362.jpg","https://storage.googleapis.com/ygoprodeck.com/pics_small/39537362.jpg"
"39711336","Fushioh Richie","Effect Monster","This card cannot be Normal Summoned or Set. This card can only be Special Summoned from your hand or your Deck by Tributing 1 ""Great Dezard"" that has fulfilled the condition. You can flip this card into face-down Defense Position once per turn during your Main Phase. As long as this monster remains face-up on the field, negate the activation and effects of all Spell and Trap Cards that target this card and destroy them. When this card is flipped face-up, you can Special Summon 1 Zombie-Type monster from your Graveyard.","2600","2900","7","Zombie","DARK","","DB2-EN229,PGD-031,","Dark Beginning 2,Pharaonic Guardian,","","","","https://storage.googleapis.com/ygoprodeck.com/pics/39711336.jpg","https://storage.googleapis.com/ygoprodeck.com/pics_small/39711336.jpg"
"40172183","Narrow Pass","Trap Card","This card can only be activated when both players have 2 monsters or less on their respective sides of the field. Both players can only Normal Summon up to 2 additional monsters on their sides of the field.","","","","Continuous","","","PGD-097,DR1-EN045,","Pharaonic Guardian,Dark Revelation Volume 1,","","","","https://storage.googleapis.com/ygoprodeck.com/pics/40172183.jpg","https://storage.googleapis.com/ygoprodeck.com/pics_small/40172183.jpg"
"40350910","Timidity","Spell Card","Neither player can destroy Set Spell and Trap Cards on the field until your opponent's next End Phase.","","","","Normal","","","DB2-EN236,PGD-039,","Dark Beginning 2,Pharaonic Guardian,","","","","https://storage.googleapis.com/ygoprodeck.com/pics/40350910.jpg","https://storage.googleapis.com/ygoprodeck.com/pics_small/40350910.jpg"
"40659562","Guardian Sphinx","Effect Monster","Once per turn: You can change this card to face-down Defense Position. When this card is Flip Summoned: Return all monsters your opponent controls to the hand.","1700","2400","5","Rock","EARTH","Sphinx","BP01-EN130,BP01-EN130,RP02-EN067,DB2-EN224,SD7-EN005,PGD-025,MC2-EN001,","Battle Pack: Epic Dawn,Battle Pack: Epic Dawn,Retro Pack 2,Dark Beginning 2,Structure Deck: Invincible Fortress,Pharaonic Guardian,Master Collection Volume 2,","","","","https://storage.googleapis.com/ygoprodeck.com/pics/40659562.jpg","https://storage.googleapis.com/ygoprodeck.com/pics_small/40659562.jpg"
"40933924","Dark Scorpion Burglars","Effect Monster","When this card inflicts Battle Damage to your opponent: Your opponent sends 1 Spell Card from their Deck to the Graveyard.","1000","1000","4","Warrior","DARK","Dark Scorpion","DB2-EN227,GLD5-EN004,PGD-028,","Dark Beginning 2,Gold Series: Haunted Mine,Pharaonic Guardian,","","","","https://storage.googleapis.com/ygoprodeck.com/pics/40933924.jpg","https://storage.googleapis.com/ygoprodeck.com/pics_small/40933924.jpg"
"41398771","Curse of Aging","Trap Card","Discard 1 card from your hand. Decrease the ATK and DEF of all monsters on your opponent's side of the field by 500 points until the end of the turn this card is activated.","","","","Normal","","","DR1-EN042,PGD-094,","Dark Revelation Volume 1,Pharaonic Guardian,","","","","https://storage.googleapis.com/ygoprodeck.com/pics/41398771.jpg","https://storage.googleapis.com/ygoprodeck.com/pics_small/41398771.jpg"
"41482598","Mirage of Nightmare","Spell Card","Once per turn, during your opponent's Standby Phase: Draw cards until you have 4 cards in your hand. If you do, during your next Standby Phase after that: Randomly discard the same number of cards you drew (or your entire hand, if you do not have enough cards).","","","","Continuous","","","DB2-EN233,PGD-036,LCYW-EN155,","Dark Beginning 2,Pharaonic Guardian,Legendary Collection 3: Yugi's World Mega Pack,","Banned","Banned","Banned","https://storage.googleapis.com/ygoprodeck.com/pics/41482598.jpg","https://storage.googleapis.com/ygoprodeck.com/pics_small/41482598.jpg"
"41872150","Swarm of Locusts","Effect Monster","Once per turn: You can change this card to face-down Defense Position. When this card is Flip Summoned: Target 1 Spell/Trap Card your opponent controls; destroy that target.","1000","500","3","Insect","DARK","","DB2-EN222,GLD1-EN009,AP03-EN017,PGD-022,","Dark Beginning 2,Gold Series,Astral Pack Three,Pharaonic Guardian,","","","","https://storage.googleapis.com/ygoprodeck.com/pics/41872150.jpg","https://storage.googleapis.com/ygoprodeck.com/pics_small/41872150.jpg"
"42364374","Arsenal Bug","Effect Monster","If you control no other Insect-Type monsters, this card's ATK and DEF become 1000.","2000","2000","3","Insect","EARTH","","BP03-EN004,BP03-EN004,DB2-EN210,PGD-007,","Battle Pack 3: Monster League,Battle Pack 3: Monster League,Dark Beginning 2,Pharaonic Guardian,","","","","https://storage.googleapis.com/ygoprodeck.com/pics/42364374.jpg","https://storage.googleapis.com/ygoprodeck.com/pics_small/42364374.jpg"
"42994702","Wandering Mummy","Effect Monster","You can flip this card into face-down Defense Position once per turn during your Main Phase. After you use this effect, rearrange the face-down Defense Position monsters on your side of the field, then return them in face-down Defense Position.","1500","1500","4","Zombie","EARTH","","DB2-EN219,PGD-019,","Dark Beginning 2,Pharaonic Guardian,","","","","https://storage.googleapis.com/ygoprodeck.com/pics/42994702.jpg","https://storage.googleapis.com/ygoprodeck.com/pics_small/42994702.jpg"
"43716289","Poison Mummy","Flip Effect Monster","FLIP: Inflict 500 damage to your opponent.","1000","1800","4","Zombie","EARTH","","YSDS-EN009,YSDJ-EN009,PGD-016,","Starter Deck: Syrus Truesdale,Starter Deck: Jaden Yuki,Pharaonic Guardian,","","","","https://storage.googleapis.com/ygoprodeck.com/pics/43716289.jpg","https://storage.googleapis.com/ygoprodeck.com/pics_small/43716289.jpg"
"44913552","Timeater","Effect Monster","If this card destroys an opponent's monster by battle: Your opponent skips their next Main Phase 1.","1900","1700","6","Machine","DARK","","DT06-EN013,PGD-010,","Duel Terminal 6a,Pharaonic Guardian,","","","","https://storage.googleapis.com/ygoprodeck.com/pics/44913552.jpg","https://storage.googleapis.com/ygoprodeck.com/pics_small/44913552.jpg"
"45547649","Birdface","Effect Monster","When this card is sent to the Graveyard as a result of battle, you can add 1 ""Harpie Lady"" from your Deck to your hand. Then shuffle your Deck.","1600","1600","4","Winged Beast","WIND","Harpie","DB2-EN208,SS02-ENC08,PGD-005,SD8-EN009,","Dark Beginning 2,Speed Duel Starter Decks: Duelists of Tomorrow,Pharaonic Guardian,Structure Deck: Lord of the Storm,","","","","https://storage.googleapis.com/ygoprodeck.com/pics/45547649.jpg","https://storage.googleapis.com/ygoprodeck.com/pics_small/45547649.jpg"
"46411259","Metamorphosis","Spell Card","Tribute 1 monster. Special Summon 1 Fusion Monster from your Extra Deck with the same Level as the Tributed monster.","","","","Normal","","","PGD-090,DR1-EN038,CP01-EN003,","Pharaonic Guardian,Dark Revelation Volume 1,Champion Pack: Game One,","","Banned","Banned","https://storage.googleapis.com/ygoprodeck.com/pics/46411259.jpg","https://storage.googleapis.com/ygoprodeck.com/pics_small/46411259.jpg"
"47233801","Dark Snake Syndrome","Spell Card","During each of your Standby Phases: Inflict damage to both players. This damage begins at 200 and is doubled during each of your following Standby Phases.","","","","Continuous","","","DR1-EN035,LCYW-EN271,PGD-087,","Dark Revelation Volume 1,Legendary Collection 3: Yugi's World Mega Pack,Pharaonic Guardian,","","","","https://storage.googleapis.com/ygoprodeck.com/pics/47233801.jpg","https://storage.googleapis.com/ygoprodeck.com/pics_small/47233801.jpg"
"47355498","Necrovalley","Spell Card","All ""Gravekeeper's"" monsters gain 500 ATK and DEF. Cards in the Graveyard cannot be banished. Negate any card effect that would move a card in the Graveyard to a different place. Negate any card effect that changes Types or Attributes in the Graveyard.","","","","Field","","Gravekeeper's","LCJW-EN260,TU02-EN014,SDMA-EN025,DL3-001,CP03-EN020,PGD-084,RP02-EN079,DR1-EN032,LCYW-EN194,DUSA-EN050,AP04-EN003,","Legendary Collection 4: Joey's World Mega Pack,Turbo Pack: Booster Two,Structure Deck: Marik (TCG),Duelist League Series 3 participation card,Champion Pack: Game Three,Pharaonic Guardian,Retro Pack 2,Dark Revelation Volume 1,Legendary Collection 3: Yugi's World Mega Pack,Duelist Saga,Astral Pack Four,","","","","https://storage.googleapis.com/ygoprodeck.com/pics/47355498.jpg","https://storage.googleapis.com/ygoprodeck.com/pics_small/47355498.jpg"
"50412166","Charm of Shabti","Effect Monster","During either player's turn: You can discard this card; until the End Phase, ""Gravekeeper's"" monsters you control cannot be destroyed by battle.","100","100","1","Rock","EARTH","Gravekeeper's","DR1-EN022,LCYW-EN190,PGD-074,","Dark Revelation Volume 1,Legendary Collection 3: Yugi's World Mega Pack,Pharaonic Guardian,","","","","https://storage.googleapis.com/ygoprodeck.com/pics/50412166.jpg","https://storage.googleapis.com/ygoprodeck.com/pics_small/50412166.jpg"
"50712728","Gravekeeper's Curse","Effect Monster","When this card is Summoned: Inflict 500 damage to your opponent.","800","800","3","Spellcaster","DARK","Gravekeeper's","DR1-EN008,SS01-ENB01,LCJW-EN256,PGD-060,SDMA-EN008,","Dark Revelation Volume 1,Speed Duel Starter Decks: Destiny Masters,Legendary Collection 4: Joey's World Mega Pack,Pharaonic Guardian,Structure Deck: Marik (TCG),","","","","https://storage.googleapis.com/ygoprodeck.com/pics/50712728.jpg","https://storage.googleapis.com/ygoprodeck.com/pics_small/50712728.jpg"
"51351302","A Man with Wdjat","Effect Monster","When you Normal Summon this card, and during each of your Standby Phases, select 1 Set card on your opponent's side of the field. Pick it up and look at it, then return it to its original position.","1600","1600","4","Spellcaster","DARK","","PGD-068,DR1-EN016,","Pharaonic Guardian,Dark Revelation Volume 1,","","","","https://storage.googleapis.com/ygoprodeck.com/pics/51351302.jpg","https://storage.googleapis.com/ygoprodeck.com/pics_small/51351302.jpg"
"51534754","Yomi Ship","Effect Monster","If this card is destroyed by battle and sent to the GY: Destroy the monster that destroyed this card.","800","1400","3","Aqua","WATER","","YSKR-EN014,LEDU-EN044,DR1-EN019,BPW2-EN006,PGD-071,WGRT-EN006,","Starter Deck: Kaiba Reloaded,Legendary Duelists,Dark Revelation Volume 1,War of the Giants: Round 2,Pharaonic Guardian,War of the Giants Reinforcements,","","","","https://storage.googleapis.com/ygoprodeck.com/pics/51534754.jpg","https://storage.googleapis.com/ygoprodeck.com/pics_small/51534754.jpg"
"51934376","Kabazauls","Normal Monster","A huge monster in the shape of a hippopotamus. The sneezing from his gigantic body is so fierce that people mistake it for a hurricane.","1700","1500","4","Dinosaur","WATER","","DR1-EN002,SD09-EN002,PGD-054,LCJW-EN142,DL14-EN001,","Dark Revelation Volume 1,Structure Deck: Dinosaur's Rage,Pharaonic Guardian,Legendary Collection 4: Joey's World Mega Pack,Duelist League 14 participation cards,","","","","https://storage.googleapis.com/ygoprodeck.com/pics/51934376.jpg","https://storage.googleapis.com/ygoprodeck.com/pics_small/51934376.jpg"
"54704216","Nightmare Wheel","Trap Card","Activate this card by targeting 1 monster your opponent controls; it cannot attack or change its battle position. When it leaves the field, destroy this card. During each of your Standby Phases: Inflict 500 damage to your opponent. That monster must be on the field to activate and to resolve this effect.","","","","Continuous","","","BP01-EN096,MIL1-EN024,RP02-EN081,SDMA-EN033,SDOK-EN038,BP01-EN096,LCJW-EN134,PGD-106,DR1-EN055,","Battle Pack: Epic Dawn,Millennium Pack,Retro Pack 2,Structure Deck: Marik (TCG),Onslaught of the Fire Kings Structure Deck,Battle Pack: Epic Dawn,Legendary Collection 4: Joey's World Mega Pack,Pharaonic Guardian,Dark Revelation Volume 1,","","","","https://storage.googleapis.com/ygoprodeck.com/pics/54704216.jpg","https://storage.googleapis.com/ygoprodeck.com/pics_small/54704216.jpg"
"58577036","Reasoning","Spell Card","Your opponent declares a monster Level. Excavate cards from the top of your Deck until you excavate a monster that can be Normal Summoned/Set. If that monster is the same Level as the one declared by your opponent, send all excavated cards to the Graveyard. If not, Special Summon the excavated monster, also send the remaining cards to the Graveyard.","","","","Normal","","","SDPL-EN027,SP14-EN041,PGD-081,BP02-EN139,BP02-EN139,SDDC-EN031,AP04-EN023,DR1-EN029,PGL3-EN080,SP14-EN041,","Structure Deck: Powercode Link,Star Pack 2014,Pharaonic Guardian,Battle Pack 2: War of the Giants,Battle Pack 2: War of the Giants,Dragons Collide Structure Deck,Astral Pack Four,Dark Revelation Volume 1,Premium Gold: Infinite Gold,Star Pack 2014,","","Limited","Limited","https://storage.googleapis.com/ygoprodeck.com/pics/58577036.jpg","https://storage.googleapis.com/ygoprodeck.com/pics_small/58577036.jpg"
"59290628","Nightmare Horse","Effect Monster","This card can attack your opponent's Life Points directly even if there is a monster on your opponent's side of the field.","500","400","2","Zombie","DARK","","PGD-077,DR1-EN025,","Pharaonic Guardian,Dark Revelation Volume 1,","","","","https://storage.googleapis.com/ygoprodeck.com/pics/59290628.jpg","https://storage.googleapis.com/ygoprodeck.com/pics_small/59290628.jpg"
"62473983","Gravekeeper's Chief","Effect Monster","You can only control 1 face-up ""Gravekeeper's Chief"". Your Graveyard is unaffected by ""Necrovalley"". When this card is Tribute Summoned: You can target 1 ""Gravekeeper's"" monster in your Graveyard; Special Summon that target.","1900","1200","5","Spellcaster","DARK","Gravekeeper's","RP02-EN076,SS01-ENB04,DR1-EN013,SDMA-EN011,CP03-EN016,PGD-065,LCYW-EN187,","Retro Pack 2,Speed Duel Starter Decks: Destiny Masters,Dark Revelation Volume 1,Structure Deck: Marik (TCG),Champion Pack: Game Three,Pharaonic Guardian,Legendary Collection 3: Yugi's World Mega Pack,","","","","https://storage.googleapis.com/ygoprodeck.com/pics/62473983.jpg","https://storage.googleapis.com/ygoprodeck.com/pics_small/62473983.jpg"
"63571750","Pharaoh's Treasure","Trap Card","After activation, put this card face-up in your Deck and shuffle it. When you draw this card, send it to the Graveyard and add 1 card in your Graveyard (except this card) to your hand.","","","","Normal","","","DB2-EN248,PGD-052,","Dark Beginning 2,Pharaonic Guardian,","","","","https://storage.googleapis.com/ygoprodeck.com/pics/63571750.jpg","https://storage.googleapis.com/ygoprodeck.com/pics_small/63571750.jpg"
"63695531","Gravekeeper's Spear Soldier","Effect Monster","If this card attacks a Defense Position monster, inflict piercing Battle Damage to your opponent.","1500","1000","4","Spellcaster","DARK","Gravekeeper's","SS01-ENB02,DR1-EN010,TU02-EN006,SDMA-EN010,PGD-062,LCYW-EN185,","Speed Duel Starter Decks: Destiny Masters,Dark Revelation Volume 1,Turbo Pack: Booster Two,Structure Deck: Marik (TCG),Pharaonic Guardian,Legendary Collection 3: Yugi's World Mega Pack,","","","","https://storage.googleapis.com/ygoprodeck.com/pics/63695531.jpg","https://storage.googleapis.com/ygoprodeck.com/pics_small/63695531.jpg"
"64697231","Trap Dustshoot","Trap Card","Activate only if your opponent has 4 or more cards in their hand. Look at your opponent's hand, select 1 Monster Card in it, and return that card to its owner's Deck.","","","","Normal","","","PGD-049,DB2-EN246,DT04-EN098,CP05-EN005,","Pharaonic Guardian,Dark Beginning 2,Duel Terminal 4,Champion Pack: Game Five,","","Banned","Banned","https://storage.googleapis.com/ygoprodeck.com/pics/64697231.jpg","https://storage.googleapis.com/ygoprodeck.com/pics_small/64697231.jpg"
"65810489","Statue of the Wicked","Trap Card","When this face-down card is destroyed and sent to the Graveyard, Special Summon 1 ""Wicked Token"" (Fiend-Type/DARK/Level 4 /ATK 1000/DEF 1000) on your side of the field.","","","","Normal","","","DB2-EN243,PGD-046,","Dark Beginning 2,Pharaonic Guardian,","","","","https://storage.googleapis.com/ygoprodeck.com/pics/65810489.jpg","https://storage.googleapis.com/ygoprodeck.com/pics_small/65810489.jpg"
"65830223","Coffin Seller","Trap Card","Each time a monster(s) is sent to your opponent's Graveyard: Inflict 300 damage to your opponent.","","","","Continuous","","","SDMA-EN032,LCJW-EN132,PGD-093,DR1-EN041,","Structure Deck: Marik (TCG),Legendary Collection 4: Joey's World Mega Pack,Pharaonic Guardian,Dark Revelation Volume 1,","","","","https://storage.googleapis.com/ygoprodeck.com/pics/65830223.jpg","https://storage.googleapis.com/ygoprodeck.com/pics_small/65830223.jpg"
"70307656","Mucus Yolk","Effect Monster","This card may attack your opponent's Life Points directly. Each time this card inflicts Battle Damage to your opponent's Life Points, increase the ATK of this card by 1000 points during your next Standby Phase. The ATK increase lasts as long as this card remains face-up on the field.","0","100","3","Aqua","DARK","","DB2-EN213,PGD-011,","Dark Beginning 2,Pharaonic Guardian,","","","","https://storage.googleapis.com/ygoprodeck.com/pics/70307656.jpg","https://storage.googleapis.com/ygoprodeck.com/pics_small/70307656.jpg"
"72405967","Royal Tribute","Spell Card","If you control ""Necrovalley"": Both players discard any monsters in their hands.","","","","Normal","","Gravekeeper's","DR1-EN039,PGD-091,DL11-EN017,LCYW-EN195,","Dark Revelation Volume 1,Pharaonic Guardian,Duelist League 2 participation cards,Legendary Collection 3: Yugi's World Mega Pack,","","Limited","","https://storage.googleapis.com/ygoprodeck.com/pics/72405967.jpg","https://storage.googleapis.com/ygoprodeck.com/pics_small/72405967.jpg"
"73628505","Terraforming","Spell Card","Add 1 Field Spell from your Deck to your hand.","","","","Normal","","","SR04-EN029,LEHD-ENA25,SR02-EN034,SDPL-EN030,LEDD-ENC21,SR03-EN032,YS17-EN031,SDLS-EN025,SDMP-EN035,SDRL-EN026,SDGU-EN029,SDGR-EN028,SDSC-EN028,SDZW-EN025,DR1-EN036,SDRE-EN025,PGD-088,CP02-EN018,TU01-EN013,AP01-EN009,LCKC-EN090,OP05-EN003,","Dinosmasher's Fury Structure Deck,Legendary Hero Decks,Rise of the True Dragons Structure Deck,Structure Deck: Powercode Link,Legendary Dragon Decks,Machine Reactor Structure Deck,Starter Deck: Link Strike,Lost Sanctuary Structure Deck,Master of Pendulum Structure Deck,Rise of the Dragon Lords Structure Deck,Gates of the Underworld Structure Deck,Geargia Rampage Structure Deck,Spellcaster's Command Structure Deck,Zombie World Structure Deck,Dark Revelation Volume 1,Realm of the Sea Emperor Structure Deck,Pharaonic Guardian,Champion Pack: Game Two,Turbo Pack: Booster One,Astral Pack One,Legendary Collection Kaiba Mega Pack,OTS Tournament Pack 5,","","Semi-Limited","Limited","https://storage.googleapis.com/ygoprodeck.com/pics/73628505.jpg","https://storage.googleapis.com/ygoprodeck.com/pics_small/73628505.jpg"
"75109441","Cobraman Sakuzy","Effect Monster","You can flip this card into face-down Defense Position once per turn during your Main Phase. When this card is flipped face-up, look at all Set Spell and Trap Cards on your opponent's side of the field and then return them to their original position.","800","1400","3","Reptile","EARTH","","PGD-032,","Pharaonic Guardian,","","","","https://storage.googleapis.com/ygoprodeck.com/pics/75109441.jpg","https://storage.googleapis.com/ygoprodeck.com/pics_small/75109441.jpg"
"75285069","Moisture Creature","Effect Monster","If you Tribute Summon this monster by Tributing 3 monsters on the field, destroy all Spell and Trap Cards on your opponent's side of the field.","2800","2900","9","Fairy","LIGHT","","DB2-EN214,PGD-013,","Dark Beginning 2,Pharaonic Guardian,","","","","https://storage.googleapis.com/ygoprodeck.com/pics/75285069.jpg","https://storage.googleapis.com/ygoprodeck.com/pics_small/75285069.jpg"
"76052811","Helpoemer","Effect Monster","Cannot be Special Summoned from the Graveyard. If this card was destroyed by battle and sent to the Graveyard, this effect activates at the end of each of your opponent's Battle Phases: Discard 1 random card from your opponent's hand. This card must be in the Graveyard to activate and to resolve this effect.","2000","1400","5","Fiend","DARK","","DPRP-EN032,LCJW-EN116,GLD5-EN006,DR1-EN006,RP02-EN074,PGD-058,","Duelist Pack: Rivals of the Pharaoh,Legendary Collection 4: Joey's World Mega Pack,Gold Series: Haunted Mine,Dark Revelation Volume 1,Retro Pack 2,Pharaonic Guardian,","","","","https://storage.googleapis.com/ygoprodeck.com/pics/76052811.jpg","https://storage.googleapis.com/ygoprodeck.com/pics_small/76052811.jpg"
"76532077","Bottomless Shifting Sand","Trap Card","At the end of your opponent's turn, destroy the face-up monster(s) with the highest ATK on the field. During your own Standby Phase, if you have 4 or less cards in your hand, this card is destroyed.","","","","Continuous","","","PGD-043,DB2-EN240,","Pharaonic Guardian,Dark Beginning 2,","","","","https://storage.googleapis.com/ygoprodeck.com/pics/76532077.jpg","https://storage.googleapis.com/ygoprodeck.com/pics_small/76532077.jpg"
"76754619","Pyramid Energy","Spell Card","You can select and activate 1 of the following effects:\n● Increase the ATK of all face-up monsters on your side of the field by 200 points until the End Phase of the turn this card is activated.\n● Increase the DEF of all face-up monsters on your side of the field by 500 points until the End Phase of the turn this card is activated.","","","","Quick-Play","","","DB2-EN237,PGD-040,","Dark Beginning 2,Pharaonic Guardian,","","","","https://storage.googleapis.com/ygoprodeck.com/pics/76754619.jpg","https://storage.googleapis.com/ygoprodeck.com/pics_small/76754619.jpg"
"76848240","Non Aggression Area","Trap Card","You can only activate this card during your Standby Phase. Discard 1 card from your hand. Your opponent cannot Normal Summon, Set and/or Special Summon during his/her next turn.","","","","Normal","","","PGD-101,DR1-EN049,","Pharaonic Guardian,Dark Revelation Volume 1,","","","","https://storage.googleapis.com/ygoprodeck.com/pics/76848240.jpg","https://storage.googleapis.com/ygoprodeck.com/pics_small/76848240.jpg"
"76922029","Don Zaloog","Effect Monster","When this card inflicts Battle Damage to your opponent, you can activate 1 of these effects:\n● Discard 1 random card from their hand.\n● Send the top 2 cards of their Deck to the Graveyard.","1400","1500","4","Warrior","DARK","Dark Scorpion","GLD5-EN005,RP02-EN068,DB2-EN228,PGD-029,GLD1-EN012,","Gold Series: Haunted Mine,Retro Pack 2,Dark Beginning 2,Pharaonic Guardian,Gold Series,","","","","https://storage.googleapis.com/ygoprodeck.com/pics/76922029.jpg","https://storage.googleapis.com/ygoprodeck.com/pics_small/76922029.jpg"
"77044671","Pyramid Turtle","Effect Monster","When this card is destroyed by battle and sent to the Graveyard: You can Special Summon 1 Zombie-Type monster with 2000 or less DEF from your Deck.","1200","1400","4","Zombie","EARTH","","TP5-EN017,GLD5-EN003,SR07-EN015,DL11-EN008,SD2-EN005,LCJW-EN189,PGD-026,DB2-EN225,SDZW-EN007,LCYW-EN245,CP02-EN004,","Tournament Pack 5,Gold Series: Haunted Mine,Structure Deck: Zombie Horde,Duelist League 2 participation cards,Structure Deck: Zombie Madness,Legendary Collection 4: Joey's World Mega Pack,Pharaonic Guardian,Dark Beginning 2,Zombie World Structure Deck,Legendary Collection 3: Yugi's World Mega Pack,Champion Pack: Game Two,","","","","https://storage.googleapis.com/ygoprodeck.com/pics/77044671.jpg","https://storage.googleapis.com/ygoprodeck.com/pics_small/77044671.jpg"
"77561728","Disturbance Strategy","Trap Card","Your opponent shuffles their entire hand into the Deck, then draws the same number of cards.","","","","Normal","","","OP06-EN023,DR1-EN046,PGD-098,DL15-EN019,","OTS Tournament Pack 6,Dark Revelation Volume 1,Pharaonic Guardian,Duelist League 15 participation cards,","","","","https://storage.googleapis.com/ygoprodeck.com/pics/77561728.jpg","https://storage.googleapis.com/ygoprodeck.com/pics_small/77561728.jpg"
"77876207","Secret Pass to the Treasures","Spell Card","Select 1 face-up monster with an ATK equal to 1000 points or less on your side of the field. During the turn this card is activated, the selected monster can attack your opponent's Life Points directly.","","","","Normal","","","DB2-EN234,PGD-037,","Dark Beginning 2,Pharaonic Guardian,","","","","https://storage.googleapis.com/ygoprodeck.com/pics/77876207.jpg","https://storage.googleapis.com/ygoprodeck.com/pics_small/77876207.jpg"
"78053598","Dark Designator","Spell Card","Declare 1 Monster Card name. If the declared card is in your opponent's Deck, add 1 of that card to your opponent's hand.","","","","Normal","","","DR1-EN027,TP5-EN020,PGD-079,","Dark Revelation Volume 1,Tournament Pack 5,Pharaonic Guardian,","","","","https://storage.googleapis.com/ygoprodeck.com/pics/78053598.jpg","https://storage.googleapis.com/ygoprodeck.com/pics_small/78053598.jpg"
"78266168","Giant Axe Mummy","Effect Monster","You can flip this card into face-down Defense Position once per turn during your Main Phase. If the ATK of a monster on your opponent's side of the field that attacks this card in face-down Defense Position is lower than the DEF of this monster, the attacking monster is destroyed.","1700","2000","5","Zombie","EARTH","","DB2-EN223,PGD-023,","Dark Beginning 2,Pharaonic Guardian,","","","","https://storage.googleapis.com/ygoprodeck.com/pics/78266168.jpg","https://storage.googleapis.com/ygoprodeck.com/pics_small/78266168.jpg"
"78783370","Barrel Behind the Door","Trap Card","Activate only when a card's effect that would inflict damage to you is activated. Your opponent takes the damage instead.","","","","Counter","","","RP02-EN080,PGD-095,DR1-EN043,","Retro Pack 2,Pharaonic Guardian,Dark Revelation Volume 1,","","","","https://storage.googleapis.com/ygoprodeck.com/pics/78783370.jpg","https://storage.googleapis.com/ygoprodeck.com/pics_small/78783370.jpg"
"80233946","Gora Turtle","Effect Monster","As long as this card remains face-up on the field, monsters with an ATK equal to 1900 or more cannot declare an attack.","1100","1100","3","Aqua","WATER","","DB2-EN215,PGD-014,","Dark Beginning 2,Pharaonic Guardian,","","","","https://storage.googleapis.com/ygoprodeck.com/pics/80233946.jpg","https://storage.googleapis.com/ygoprodeck.com/pics_small/80233946.jpg"
"82642348","Kryuel","Effect Monster","When this card is sent to the Graveyard as a result of battle, toss a coin and call it. If you call it right, destroy 1 monster on your opponent's side of the field.","1000","1700","4","Fiend","DARK","","DB2-EN209,PGD-006,","Dark Beginning 2,Pharaonic Guardian,","","","","https://storage.googleapis.com/ygoprodeck.com/pics/82642348.jpg","https://storage.googleapis.com/ygoprodeck.com/pics_small/82642348.jpg"
"83555666","Ring of Destruction","Trap Card","During your opponent's turn: Target 1 face-up monster your opponent controls whose ATK is less than or equal to their LP; destroy that face-up monster, and if you do, take damage equal to its original ATK, then inflict damage to your opponent, equal to the damage you took. You can only activate 1 ""Ring of Destruction"" per turn.","","","","Normal","","","YS17-EN036,SDKS-EN033,MIL1-EN023,PGL2-EN063,LCKC-EN050,BP01-EN050,CP02-EN008,BP01-EN050,IOC-SE3,PGD-000,DPKB-EN036,LART-EN007,RP02-EN066,","Starter Deck: Link Strike,Structure Deck: Seto Kaiba,Millennium Pack,Premium Gold: Return of the Bling,Legendary Collection Kaiba Mega Pack,Battle Pack: Epic Dawn,Champion Pack: Game Two,Battle Pack: Epic Dawn,Invasion of Chaos: Special Edition,Pharaonic Guardian,Duelist Pack: Kaiba,The Lost Art Promotion G,Retro Pack 2,","Limited","","","https://storage.googleapis.com/ygoprodeck.com/pics/83555666.jpg","https://storage.googleapis.com/ygoprodeck.com/pics_small/83555666.jpg"
"83555667","Ring of Destruction","Trap Card","During your opponent's turn: Target 1 face-up monster your opponent controls whose ATK is less than or equal to their LP; destroy that face-up monster, and if you do, take damage equal to its original ATK, then inflict damage to your opponent, equal to the damage you took. You can only activate 1 ""Ring of Destruction"" per turn.","","","","Normal","","","YS17-EN036,SDKS-EN033,MIL1-EN023,PGL2-EN063,LCKC-EN050,BP01-EN050,CP02-EN008,BP01-EN050,IOC-SE3,PGD-000,DPKB-EN036,LART-EN007,RP02-EN066,","Starter Deck: Link Strike,Structure Deck: Seto Kaiba,Millennium Pack,Premium Gold: Return of the Bling,Legendary Collection Kaiba Mega Pack,Battle Pack: Epic Dawn,Champion Pack: Game Two,Battle Pack: Epic Dawn,Invasion of Chaos: Special Edition,Pharaonic Guardian,Duelist Pack: Kaiba,The Lost Art Promotion G,Retro Pack 2,","Limited","","","https://storage.googleapis.com/ygoprodeck.com/pics/83555667.jpg","https://storage.googleapis.com/ygoprodeck.com/pics_small/83555667.jpg"
"83986578","King Tiger Wanghu","Effect Monster","When a monster(s) with 1400 or less ATK is Normal Summoned or Special Summoned: Destroy those monsters with 1400 or less ATK. This card must be face-up on the field to activate and to resolve this effect.","1700","1000","4","Beast","EARTH","","DB2-EN207,CP01-EN014,BP01-EN129,PGD-004,BP01-EN129,","Dark Beginning 2,Champion Pack: Game One,Battle Pack: Epic Dawn,Pharaonic Guardian,Battle Pack: Epic Dawn,","","","","https://storage.googleapis.com/ygoprodeck.com/pics/83986578.jpg","https://storage.googleapis.com/ygoprodeck.com/pics_small/83986578.jpg"
"84740193","Buster Rancher","Spell Card","Only a monster with an ATK of 1000 points or less can be equipped with this card. During damage calculation, increase the ATK of the monster equipped with this card by 2500 points if the opponent's monster that battles it is in Attack Position and its ATK is 2500 or more, OR if the opponent's monster that battles it is in Defense Position and its DEF is 2500 or more.","","","","Equip","","","PGD-085,DR1-EN033,","Pharaonic Guardian,Dark Revelation Volume 1,","","","","https://storage.googleapis.com/ygoprodeck.com/pics/84740193.jpg","https://storage.googleapis.com/ygoprodeck.com/pics_small/84740193.jpg"
"85562745","Dark Room of Nightmare","Spell Card","Each time your opponent takes damage from a card effect, except ""Dark Room of Nightmare"", inflict 300 damage to your opponent.","","","","Continuous","","","PGD-082,RP02-EN078,SDMA-EN024,DR1-EN030,SD3-EN022,","Pharaonic Guardian,Retro Pack 2,Structure Deck: Marik (TCG),Dark Revelation Volume 1,Structure Deck: Blaze of Destruction,","","","","https://storage.googleapis.com/ygoprodeck.com/pics/85562745.jpg","https://storage.googleapis.com/ygoprodeck.com/pics_small/85562745.jpg"
"85684223","Reaper on the Nightmare","Fusion Monster","""Spirit Reaper"" + ""Nightmare Horse""\nThis card is not destroyed as a result of battle. Destroy this card when it is targeted by the effect of a Spell, Trap or Effect Monster. This card can attack your opponent's Life Points directly even if there is a monster on your opponent's side of the field. If this card successfully attacks your opponent's Life Points directly, your opponent discards 1 card randomly from his/her hand.","800","600","5","Zombie","DARK","","DR1-EN026,PGD-078,","Dark Revelation Volume 1,Pharaonic Guardian,","","","","https://storage.googleapis.com/ygoprodeck.com/pics/85684223.jpg","https://storage.googleapis.com/ygoprodeck.com/pics_small/85684223.jpg"
"86801871","Cobra Jar","Flip Effect Monster","FLIP: Special Summon 1 ""Poisonous Snake Token"" (Reptile-Type/EARTH/3 Stars/ATK 1200/DEF 1200). When the ""Poisonous Snake Token"" is destroyed as a result of battle, inflict 500 points of damage to your opponent's Life Points.","600","300","2","Reptile","EARTH","","PGD-075,DR1-EN023,","Pharaonic Guardian,Dark Revelation Volume 1,","","","","https://storage.googleapis.com/ygoprodeck.com/pics/86801871.jpg","https://storage.googleapis.com/ygoprodeck.com/pics_small/86801871.jpg"
"87523462","Winged Sage Falcos","Effect Monster","When this card destroys an opponent's face-up Attack Position monster by battle and sends it to their Graveyard: You can place that monster on top of their Deck.","1700","1200","4","Winged Beast","WIND","","TP5-EN019,BPW2-EN007,PGD-072,DR1-EN020,WGRT-EN007,","Tournament Pack 5,War of the Giants: Round 2,Pharaonic Guardian,Dark Revelation Volume 1,War of the Giants Reinforcements,","","","","https://storage.googleapis.com/ygoprodeck.com/pics/87523462.jpg","https://storage.googleapis.com/ygoprodeck.com/pics_small/87523462.jpg"
"88989706","Great Dezard","Effect Monster","When this monster destroys the following number of monsters as a result of battle, the following effects are activated in order:\nOne: As long as this card remains face-up on the field, negate the activation and effects of all Spell and Trap Cards that target this card and destroy them.\nTwo: You can Special Summon 1 ""Fushioh Richie"" from your hand or your Deck by Tributing this card during your Main Phase.","1900","2300","6","Spellcaster","DARK","","DB2-EN220,PGD-020,","Dark Beginning 2,Pharaonic Guardian,","","","","https://storage.googleapis.com/ygoprodeck.com/pics/88989706.jpg","https://storage.googleapis.com/ygoprodeck.com/pics_small/88989706.jpg"
"89111398","Dark Dust Spirit","Spirit Monster","Cannot be Special Summoned. During the End Phase of the turn this card is Normal Summoned or flipped face-up: Return it to the hand. When this card is Normal Summoned or flipped face-up: Destroy all other face-up monsters on the field.","2200","1800","6","Zombie","EARTH","","DB2-EN217,BP01-EN005,PGD-017,SD2-EN004,BP01-EN005,LCJW-EN188,HL07-EN003,","Dark Beginning 2,Battle Pack: Epic Dawn,Pharaonic Guardian,Structure Deck: Zombie Madness,Battle Pack: Epic Dawn,Legendary Collection 4: Joey's World Mega Pack,Hobby League 7 participation card C,","","","","https://storage.googleapis.com/ygoprodeck.com/pics/89111398.jpg","https://storage.googleapis.com/ygoprodeck.com/pics_small/89111398.jpg"
"90980792","Dark Jeroid","Effect Monster","When this card is Summoned: Target 1 face-up monster on the field; it loses 800 ATK.","1200","1500","4","Fiend","DARK","Roid","LCJW-EN114,RP02-EN072,SDMA-EN005,PGD-056,DR1-EN004,","Legendary Collection 4: Joey's World Mega Pack,Retro Pack 2,Structure Deck: Marik (TCG),Pharaonic Guardian,Dark Revelation Volume 1,","","","","https://storage.googleapis.com/ygoprodeck.com/pics/90980792.jpg","https://storage.googleapis.com/ygoprodeck.com/pics_small/90980792.jpg"
"93382620","Rope of Life","Trap Card","When a monster(s) is destroyed by battle and sent to your Graveyard: Discard your entire hand (min.1), then target 1 of those monsters; Special Summon it, and if you do, it gains 800 ATK.","","","","Normal","","","BP02-EN176,BP02-EN176,LCJW-EN133,LCYW-EN147,5DS3-EN033,DR1-EN054,PGD-105,SD2-ENDE1,","Battle Pack 2: War of the Giants,Battle Pack 2: War of the Giants,Legendary Collection 4: Joey's World Mega Pack,Legendary Collection 3: Yugi's World Mega Pack,Starter Deck: Duelist Toolbox,Dark Revelation Volume 1,Pharaonic Guardian,Structure Deck: Deluxe Edition,","","","","https://storage.googleapis.com/ygoprodeck.com/pics/93382620.jpg","https://storage.googleapis.com/ygoprodeck.com/pics_small/93382620.jpg"
"97923414","Inpachi","Normal Monster","A log that attacks lost travelers in the forest. Originally a big tree, it was cut down and possessed by a wicked spirit.","1600","1900","4","Machine","EARTH","","DR1-EN003,PGD-055,","Dark Revelation Volume 1,Pharaonic Guardian,","","","","https://storage.googleapis.com/ygoprodeck.com/pics/97923414.jpg","https://storage.googleapis.com/ygoprodeck.com/pics_small/97923414.jpg"
"98745000","Mystical Knight of Jackal","Effect Monster","When this card destroys 1 monster on your opponent's side of the field and sends it to your opponent's Graveyard as a result of battle, you can then return the card to the top of your opponent's Deck.","2700","1200","7","Beast-Warrior","LIGHT","","PGD-069,DR1-EN017,","Pharaonic Guardian,Dark Revelation Volume 1,","","","","https://storage.googleapis.com/ygoprodeck.com/pics/98745000.jpg","https://storage.googleapis.com/ygoprodeck.com/pics_small/98745000.jpg"
"99690140","Gravekeeper's Vassal","Effect Monster","Any battle damage this card inflicts to your opponent is treated as effect damage instead.","700","500","3","Spellcaster","DARK","Gravekeeper's","SS01-ENB03,DR1-EN011,LCJW-EN257,PGD-063,","Speed Duel Starter Decks: Destiny Masters,Dark Revelation Volume 1,Legendary Collection 4: Joey's World Mega Pack,Pharaonic Guardian,","","","","https://storage.googleapis.com/ygoprodeck.com/pics/99690140.jpg","https://storage.googleapis.com/ygoprodeck.com/pics_small/99690140.jpg"
"99877698","Gravekeeper's Cannonholder","Effect Monster","You can Tribute 1 ""Gravekeeper's"" monster, except ""Gravekeeper's Cannonholder""; inflict 700 damage to your opponent.","1400","1200","4","Spellcaster","DARK","Gravekeeper's","SS01-ENB05,TU02-EN013,SDMA-EN012,DR1-EN014,PGD-066,LCYW-EN188,","Speed Duel Starter Decks: Destiny Masters,Turbo Pack: Booster Two,Structure Deck: Marik (TCG),Dark Revelation Volume 1,Pharaonic Guardian,Legendary Collection 3: Yugi's World Mega Pack,","","","","https://storage.googleapis.com/ygoprodeck.com/pics/99877698.jpg","https://storage.googleapis.com/ygoprodeck.com/pics_small/99877698.jpg"
